#
# There is insufficient memory for the Java Runtime Environment to continue.
# Native memory allocation (mmap) failed to map 255852544 bytes for G1 virtual space
# Possible reasons:
#   The system is out of physical RAM or swap space
#   The process is running with CompressedOops enabled, and the Java Heap may be blocking the growth of the native heap
# Possible solutions:
#   Reduce memory load on the system
#   Increase physical memory or swap space
#   Check if swap backing store is full
#   Decrease Java heap size (-Xmx/-Xms)
#   Decrease number of Java threads
#   Decrease Java thread stack sizes (-Xss)
#   Set larger code cache with -XX:ReservedCodeCacheSize=
#   JVM is running with Zero Based Compressed Oops mode in which the Java heap is
#     placed in the first 32GB address space. The Java Heap base address is the
#     maximum limit for the native heap growth. Please use -XX:HeapBaseMinAddress
#     to set the Java Heap base and to place the Java Heap above 32GB virtual address.
# This output file may be truncated or incomplete.
#
#  Out of Memory Error (os_windows.cpp:3548), pid=14076, tid=1860
#
# JRE version: Java(TM) SE Runtime Environment (17.0.12+8) (build 17.0.12+8-LTS-286)
# Java VM: Java HotSpot(TM) 64-Bit Server VM (17.0.12+8-LTS-286, mixed mode, sharing, tiered, compressed oops, compressed class ptrs, g1 gc, windows-amd64)
# No core dump will be written. Minidumps are not enabled by default on client versions of Windows
#

---------------  S U M M A R Y ------------

Command Line: --add-opens=java.base/java.lang=ALL-UNNAMED --add-opens=java.base/java.lang.invoke=ALL-UNNAMED --add-opens=java.base/java.util=ALL-UNNAMED --add-opens=java.prefs/java.util.prefs=ALL-UNNAMED --add-exports=jdk.compiler/com.sun.tools.javac.api=ALL-UNNAMED --add-exports=jdk.compiler/com.sun.tools.javac.util=ALL-UNNAMED --add-opens=java.base/java.util=ALL-UNNAMED --add-opens=java.prefs/java.util.prefs=ALL-UNNAMED --add-opens=java.base/java.nio.charset=ALL-UNNAMED --add-opens=java.base/java.net=ALL-UNNAMED --add-opens=java.base/java.util.concurrent.atomic=ALL-UNNAMED --add-opens=java.xml/javax.xml.namespace=ALL-UNNAMED -XX:MaxMetaspaceSize=1024m -Xmx4096m -Dfile.encoding=windows-1252 -Duser.country=US -Duser.language=en -Duser.variant -javaagent:C:\Users\sahil\.gradle\wrapper\dists\gradle-8.12-bin\cetblhg4pflnnks72fxwobvgv\gradle-8.12\lib\agents\gradle-instrumentation-agent-8.12.jar org.gradle.launcher.daemon.bootstrap.GradleDaemon 8.12

Host: 11th Gen Intel(R) Core(TM) i5-11400H @ 2.70GHz, 12 cores, 7G,  Windows 11 , 64 bit Build 26100 (10.0.26100.9168)
Time: Thu Sep  3 17:03:43 2026 India Standard Time elapsed time: 20322.347597 seconds (0d 5h 38m 42s)

---------------  T H R E A D  ---------------

Current thread (0x000002a129e2e1c0):  VMThread "VM Thread" [stack: 0x000000dd3f600000,0x000000dd3f700000] [id=1860]

Stack: [0x000000dd3f600000,0x000000dd3f700000]
Native frames: (J=compiled Java code, j=interpreted, Vv=VM code, C=native code)
V  [jvm.dll+0x67a04a]
V  [jvm.dll+0x7da4ed]
V  [jvm.dll+0x7dbe33]
V  [jvm.dll+0x7dc4a3]
V  [jvm.dll+0x24508f]
V  [jvm.dll+0x677089]
V  [jvm.dll+0x66bd32]
V  [jvm.dll+0x301fa6]
V  [jvm.dll+0x309546]
V  [jvm.dll+0x359d2e]
V  [jvm.dll+0x359f5f]
V  [jvm.dll+0x2d9078]
V  [jvm.dll+0x2d74ad]
V  [jvm.dll+0x2d6afc]
V  [jvm.dll+0x31a981]
V  [jvm.dll+0x7e0d9b]
V  [jvm.dll+0x7e1ad4]
V  [jvm.dll+0x7e1fed]
V  [jvm.dll+0x7e23c4]
V  [jvm.dll+0x7e2490]
V  [jvm.dll+0x78abea]
V  [jvm.dll+0x678f35]
C  [ucrtbase.dll+0x2cd30]
C  [KERNEL32.DLL+0x2ccb7]
C  [ntdll.dll+0xaad6c]

VM_Operation (0x000000dd44df8e88): G1TryInitiateConcMark, mode: safepoint, requested by thread 0x000002a171231710


---------------  P R O C E S S  ---------------

Threads class SMR info:
_java_thread_list=0x000002a16f707fc0, length=249, elements={
0x000002a104dc8300, 0x000002a129e35700, 0x000002a129e36d40, 0x000002a129e4d8d0,
0x000002a129e4e1a0, 0x000002a129e4f5e0, 0x000002a129e52a30, 0x000002a129e54250,
0x000002a129e69060, 0x000002a129e8cb10, 0x000002a129e1cbe0, 0x000002a163217fd0,
0x000002a1640542d0, 0x000002a164999360, 0x000002a164d16480, 0x000002a164d6a550,
0x000002a164d6c3b0, 0x000002a164d6b990, 0x000002a1669189a0, 0x000002a16691a800,
0x000002a166bfb030, 0x000002a167668560, 0x000002a167668a70, 0x000002a167be9740,
0x000002a167be8810, 0x000002a167be8d20, 0x000002a167bed910, 0x000002a167bede20,
0x000002a167beab80, 0x000002a167beb5a0, 0x000002a16691ad10, 0x000002a167bebab0,
0x000002a170ae98b0, 0x000002a1741b7a10, 0x000002a173fd7f90, 0x000002a17239c0c0,
0x000002a170a1dff0, 0x000002a170a1e500, 0x000002a171d71bc0, 0x000002a170a1dae0,
0x000002a173a02410, 0x000002a173a014e0, 0x000002a173a00fd0, 0x000002a173a00ac0,
0x000002a1706bb810, 0x000002a1706b8f90, 0x000002a170dd2610, 0x000002a170dd3540,
0x000002a170dd0cc0, 0x000002a170dd11d0, 0x000002a170dd16e0, 0x000002a170dd3a50,
0x000002a170dd1bf0, 0x000002a170dd2b20, 0x000002a170dd3030, 0x000002a170dd02a0,
0x000002a1739a6c90, 0x000002a1739a6270, 0x000002a171abe9d0, 0x000002a171abdfb0,
0x000002a171abfe10, 0x000002a171abdaa0, 0x000002a171abeee0, 0x000002a171abd590,
0x000002a171abc660, 0x000002a171abf3f0, 0x000002a171abd080, 0x000002a171abf900,
0x000002a173dfcdf0, 0x000002a173dfe230, 0x000002a173dfc8e0, 0x000002a173dfd810,
0x000002a170a47fd0, 0x000002a170ae42a0, 0x000002a173dfdd20, 0x000002a173dfd300,
0x000002a163b83320, 0x000002a163b80fb0, 0x000002a163b823f0, 0x000002a163b82900,
0x000002a171d70c90, 0x000002a1712307e0, 0x000002a17122f8b0, 0x000002a171231c20,
0x000002a171231200, 0x000002a17122fdc0, 0x000002a17122e980, 0x000002a171232130,
0x000002a171231710, 0x000002a17122ee90, 0x000002a17122f3a0, 0x000002a16f023b70,
0x000002a163b83830, 0x000002a163b81ee0, 0x000002a163b80080, 0x000002a163b80590,
0x000002a163b80aa0, 0x000002a163b82e10, 0x000002a170ae2950, 0x000002a170ae3370,
0x000002a170ae47b0, 0x000002a170ae1f30, 0x000002a170ae4cc0, 0x000002a170ae51d0,
0x000002a170a4a340, 0x000002a170a489f0, 0x000002a170a49410, 0x000002a170a484e0,
0x000002a170a49920, 0x000002a170a49e30, 0x000002a163b814c0, 0x000002a17239b6a0,
0x000002a17239cae0, 0x000002a17239b190, 0x000002a17239c5d0, 0x000002a17239bbb0,
0x000002a16ee76130, 0x000002a16ee74cf0, 0x000002a16ee76640, 0x000002a1706bb300,
0x000002a1706b8060, 0x000002a1706ba3d0, 0x000002a173147140, 0x000002a17050dc70,
0x000002a17050e690, 0x000002a17050d760, 0x000002a17050e180, 0x000002a170a4a850,
0x000002a16ee742d0, 0x000002a1705104f0, 0x000002a17050eba0, 0x000002a170510a00,
0x000002a17050d250, 0x000002a1706b8570, 0x000002a1706b9ec0, 0x000002a1706b8a80,
0x000002a1706b94a0, 0x000002a1706ba8e0, 0x000002a16f023150, 0x000002a16f024080,
0x000002a16f022730, 0x000002a170ae56e0, 0x000002a170ae2440, 0x000002a16ee75710,
0x000002a16ee747e0, 0x000002a16ee72e90, 0x000002a16ee733a0, 0x000002a16ee75200,
0x000002a16ee738b0, 0x000002a16ee73dc0, 0x000002a173f56210, 0x000002a173f58580,
0x000002a173f599c0, 0x000002a173f56720, 0x000002a1733241c0, 0x000002a173325600,
0x000002a170b35af0, 0x000002a170b36a20, 0x000002a170b36000, 0x000002a170b355e0,
0x000002a170b341a0, 0x000002a1720308e0, 0x000002a17202f4a0, 0x000002a17202e060,
0x000002a17202f9b0, 0x000002a17050f0b0, 0x000002a17050fad0, 0x000002a17050f5c0,
0x000002a17050ffe0, 0x000002a172f8b9f0, 0x000002a172f8e780, 0x000002a172f8d850,
0x000002a172f8bf00, 0x000002a172f8e270, 0x000002a172f8c410, 0x000002a172f8ec90,
0x000002a172f8b4e0, 0x000002a172f8c920, 0x000002a172f8ce30, 0x000002a172f8dd60,
0x000002a172f8d340, 0x000002a171dd30d0, 0x000002a171dd3af0, 0x000002a171dd4a20,
0x000002a1706b99b0, 0x000002a170a1d5d0, 0x000002a170a1d0c0, 0x000002a16fdf5640,
0x000002a16fdf37e0, 0x000002a1723dd940, 0x000002a173fd8ec0, 0x000002a173e6b9b0,
0x000002a173f56c30, 0x000002a1723dde50, 0x000002a173f57140, 0x000002a173f57650,
0x000002a173f58070, 0x000002a173f57b60, 0x000002a171dd4000, 0x000002a173fd84a0,
0x000002a173fd7570, 0x000002a170ae7030, 0x000002a170ae7f60, 0x000002a173f58a90,
0x000002a173f58fa0, 0x000002a1723dd430, 0x000002a1723dbae0, 0x000002a16f915050,
0x000002a173f594b0, 0x000002a16f915560, 0x000002a16ee75c20, 0x000002a173fd93d0,
0x000002a173fd89b0, 0x000002a172031810, 0x000002a17202e570, 0x000002a16f024590,
0x000002a16f021d10, 0x000002a16f021800, 0x000002a16f024aa0, 0x000002a16f024fb0,
0x000002a16f022220, 0x000002a170b36510, 0x000002a170b346b0, 0x000002a170b37440,
0x000002a170b33c90, 0x000002a170b34bc0, 0x000002a16fdf6060, 0x000002a173fd9df0,
0x000002a173fda300, 0x000002a173afd4d0, 0x000002a173b00c80, 0x000002a173afe400,
0x000002a1701588d0, 0x000002a1715d3d20, 0x000002a173fd98e0, 0x000002a173fda810,
0x000002a16fdf3cf0, 0x000002a16eaca3f0, 0x000002a1715d2df0, 0x000002a1715d65a0,
0x000002a16fdf6a80, 0x000002a16fdf4710, 0x000002a170ae6610, 0x000002a170ae3d90,
0x000002a168dba0b0, 0x000002a168dba5c0, 0x000002a18199c9c0, 0x000002a16f915f80,
0x000002a18199d3e0
}

Java Threads: ( => current thread )
  0x000002a104dc8300 JavaThread "main" [_thread_blocked, id=6580, stack(0x000000dd3f000000,0x000000dd3f100000)]
  0x000002a129e35700 JavaThread "Reference Handler" daemon [_thread_blocked, id=11352, stack(0x000000dd3f700000,0x000000dd3f800000)]
  0x000002a129e36d40 JavaThread "Finalizer" daemon [_thread_blocked, id=3224, stack(0x000000dd3f800000,0x000000dd3f900000)]
  0x000002a129e4d8d0 JavaThread "Signal Dispatcher" daemon [_thread_blocked, id=4668, stack(0x000000dd3f900000,0x000000dd3fa00000)]
  0x000002a129e4e1a0 JavaThread "Attach Listener" daemon [_thread_blocked, id=1780, stack(0x000000dd3fa00000,0x000000dd3fb00000)]
  0x000002a129e4f5e0 JavaThread "Service Thread" daemon [_thread_blocked, id=4888, stack(0x000000dd3fb00000,0x000000dd3fc00000)]
  0x000002a129e52a30 JavaThread "Monitor Deflation Thread" daemon [_thread_blocked, id=17628, stack(0x000000dd3fc00000,0x000000dd3fd00000)]
  0x000002a129e54250 JavaThread "C2 CompilerThread0" daemon [_thread_blocked, id=18968, stack(0x000000dd3fd00000,0x000000dd3fe00000)]
  0x000002a129e69060 JavaThread "C1 CompilerThread0" daemon [_thread_blocked, id=14520, stack(0x000000dd3fe00000,0x000000dd3ff00000)]
  0x000002a129e8cb10 JavaThread "Sweeper thread" daemon [_thread_blocked, id=8576, stack(0x000000dd3ff00000,0x000000dd40000000)]
  0x000002a129e1cbe0 JavaThread "Common-Cleaner" daemon [_thread_blocked, id=7952, stack(0x000000dd40000000,0x000000dd40100000)]
  0x000002a163217fd0 JavaThread "Notification Thread" daemon [_thread_blocked, id=5232, stack(0x000000dd40100000,0x000000dd40200000)]
  0x000002a1640542d0 JavaThread "Daemon health stats" [_thread_blocked, id=7264, stack(0x000000dd40700000,0x000000dd40800000)]
  0x000002a164999360 JavaThread "Incoming local TCP Connector on port 13710" [_thread_in_native, id=6424, stack(0x000000dd40800000,0x000000dd40900000)]
  0x000002a164d16480 JavaThread "Daemon periodic checks" [_thread_blocked, id=12680, stack(0x000000dd40900000,0x000000dd40a00000)]
  0x000002a164d6a550 JavaThread "Cache worker for journal cache (C:\Users\sahil\.gradle\caches\journal-1)" [_thread_blocked, id=17652, stack(0x000000dd41100000,0x000000dd41200000)]
  0x000002a164d6c3b0 JavaThread "File lock request listener" [_thread_in_native, id=18292, stack(0x000000dd41200000,0x000000dd41300000)]
  0x000002a164d6b990 JavaThread "Cache worker for file hash cache (C:\Users\sahil\.gradle\caches\8.12\fileHashes)" [_thread_blocked, id=13804, stack(0x000000dd41400000,0x000000dd41500000)]
  0x000002a1669189a0 JavaThread "jar transforms" [_thread_blocked, id=19004, stack(0x000000dd41d00000,0x000000dd41e00000)]
  0x000002a16691a800 JavaThread "Cache worker for file content cache (C:\Users\sahil\.gradle\caches\8.12\fileContent)" [_thread_blocked, id=5296, stack(0x000000dd41f00000,0x000000dd42000000)]
  0x000002a166bfb030 JavaThread "Memory manager" [_thread_blocked, id=16080, stack(0x000000dd44b00000,0x000000dd44c00000)]
  0x000002a167668560 JavaThread "jar transforms Thread 2" [_thread_blocked, id=3192, stack(0x000000dd4ab00000,0x000000dd4ac00000)]
  0x000002a167668a70 JavaThread "jar transforms Thread 3" [_thread_blocked, id=9560, stack(0x000000dd4ac00000,0x000000dd4ad00000)]
  0x000002a167be9740 JavaThread "jar transforms Thread 4" [_thread_blocked, id=1932, stack(0x000000dd4b700000,0x000000dd4b800000)]
  0x000002a167be8810 JavaThread "jar transforms Thread 5" [_thread_blocked, id=8096, stack(0x000000dd4b800000,0x000000dd4b900000)]
  0x000002a167be8d20 JavaThread "jar transforms Thread 6" [_thread_blocked, id=18044, stack(0x000000dd4b900000,0x000000dd4ba00000)]
  0x000002a167bed910 JavaThread "jar transforms Thread 7" [_thread_blocked, id=2056, stack(0x000000dd4bd00000,0x000000dd4be00000)]
  0x000002a167bede20 JavaThread "jar transforms Thread 8" [_thread_blocked, id=19128, stack(0x000000dd4be00000,0x000000dd4bf00000)]
  0x000002a167beab80 JavaThread "jar transforms Thread 9" [_thread_blocked, id=5040, stack(0x000000dd4bf00000,0x000000dd4c000000)]
  0x000002a167beb5a0 JavaThread "jar transforms Thread 10" [_thread_blocked, id=14704, stack(0x000000dd4c000000,0x000000dd4c100000)]
  0x000002a16691ad10 JavaThread "jar transforms Thread 11" [_thread_blocked, id=10228, stack(0x000000dd4c200000,0x000000dd4c300000)]
  0x000002a167bebab0 JavaThread "jar transforms Thread 12" [_thread_blocked, id=19172, stack(0x000000dd4c300000,0x000000dd4c400000)]
  0x000002a170ae98b0 JavaThread "Cache worker for Java compile cache (C:\Users\sahil\.gradle\caches\8.12\javaCompile)" [_thread_blocked, id=19480, stack(0x000000dd4dc00000,0x000000dd4dd00000)]
  0x000002a1741b7a10 JavaThread "RMI Scheduler(0)" daemon [_thread_blocked, id=21804, stack(0x000000dd4d100000,0x000000dd4d200000)]
  0x000002a173fd7f90 JavaThread "RMI TCP Accept-0" daemon [_thread_in_native, id=22236, stack(0x000000dd4f000000,0x000000dd4f100000)]
  0x000002a17239c0c0 JavaThread "Daemon Thread 5" [_thread_blocked, id=14760, stack(0x000000dd3ed00000,0x000000dd3ee00000)]
  0x000002a170a1dff0 JavaThread "Daemon worker Thread 5" [_thread_blocked, id=6628, stack(0x000000dd40a00000,0x000000dd40b00000)]
  0x000002a170a1e500 JavaThread "ForkJoinPool.commonPool-worker-45" daemon [_thread_blocked, id=2184, stack(0x000000dd43b00000,0x000000dd43c00000)]
  0x000002a171d71bc0 JavaThread "ForkJoinPool.commonPool-worker-47" daemon [_thread_blocked, id=2884, stack(0x000000dd43d00000,0x000000dd43e00000)]
  0x000002a170a1dae0 JavaThread "ForkJoinPool.commonPool-worker-48" daemon [_thread_blocked, id=22492, stack(0x000000dd43e00000,0x000000dd43f00000)]
  0x000002a173a02410 JavaThread "ForkJoinPool.commonPool-worker-49" daemon [_thread_blocked, id=21652, stack(0x000000dd43f00000,0x000000dd44000000)]
  0x000002a173a014e0 JavaThread "ForkJoinPool.commonPool-worker-51" daemon [_thread_blocked, id=19916, stack(0x000000dd44100000,0x000000dd44200000)]
  0x000002a173a00fd0 JavaThread "Handler for socket connection from /127.0.0.1:13710 to /127.0.0.1:4660" [_thread_in_native, id=15524, stack(0x000000dd3ee00000,0x000000dd3ef00000)]
  0x000002a173a00ac0 JavaThread "Cancel handler" [_thread_blocked, id=11080, stack(0x000000dd3ef00000,0x000000dd3f000000)]
  0x000002a1706bb810 JavaThread "Asynchronous log dispatcher for DefaultDaemonConnection: socket connection from /127.0.0.1:13710 to /127.0.0.1:4660" [_thread_blocked, id=16668, stack(0x000000dd40c00000,0x000000dd40d00000)]
  0x000002a1706b8f90 JavaThread "Stdin handler" [_thread_blocked, id=12340, stack(0x000000dd40d00000,0x000000dd40e00000)]
  0x000002a170dd2610 JavaThread "Daemon client event forwarder" [_thread_blocked, id=21428, stack(0x000000dd40e00000,0x000000dd40f00000)]
  0x000002a170dd3540 JavaThread "Cache worker for file hash cache (D:\predcaredoctor\android\.gradle\8.12\fileHashes)" [_thread_blocked, id=22356, stack(0x000000dd40f00000,0x000000dd41000000)]
  0x000002a170dd0cc0 JavaThread "Cache worker for Build Output Cleanup Cache (D:\predcaredoctor\android\.gradle\buildOutputCleanup)" [_thread_blocked, id=7688, stack(0x000000dd41000000,0x000000dd41100000)]
  0x000002a170dd11d0 JavaThread "Cache worker for checksums cache (D:\predcaredoctor\android\.gradle\8.12\checksums)" [_thread_blocked, id=2928, stack(0x000000dd41900000,0x000000dd41a00000)]
  0x000002a170dd16e0 JavaThread "Cache worker for cache directory md-rule (C:\Users\sahil\.gradle\caches\8.12\md-rule)" [_thread_blocked, id=21784, stack(0x000000dd41a00000,0x000000dd41b00000)]
  0x000002a170dd3a50 JavaThread "Cache worker for cache directory md-supplier (C:\Users\sahil\.gradle\caches\8.12\md-supplier)" [_thread_blocked, id=21316, stack(0x000000dd41e00000,0x000000dd41f00000)]
  0x000002a170dd1bf0 JavaThread "Cache worker for Build Output Cleanup Cache (D:\predcaredoctor\node_modules\@react-native\gradle-plugin\.gradle\buildOutputCleanup)" [_thread_blocked, id=9684, stack(0x000000dd42000000,0x000000dd42100000)]
  0x000002a170dd2b20 JavaThread "Unconstrained build operations" [_thread_blocked, id=1324, stack(0x000000dd42100000,0x000000dd42200000)]
  0x000002a170dd3030 JavaThread "Unconstrained build operations Thread 2" [_thread_blocked, id=5316, stack(0x000000dd42200000,0x000000dd42300000)]
  0x000002a170dd02a0 JavaThread "Unconstrained build operations Thread 3" [_thread_blocked, id=4016, stack(0x000000dd42300000,0x000000dd42400000)]
  0x000002a1739a6c90 JavaThread "Unconstrained build operations Thread 4" [_thread_blocked, id=4084, stack(0x000000dd42400000,0x000000dd42500000)]
  0x000002a1739a6270 JavaThread "Unconstrained build operations Thread 5" [_thread_blocked, id=20848, stack(0x000000dd42500000,0x000000dd42600000)]
  0x000002a171abe9d0 JavaThread "Unconstrained build operations Thread 6" [_thread_blocked, id=20980, stack(0x000000dd42600000,0x000000dd42700000)]
  0x000002a171abdfb0 JavaThread "Unconstrained build operations Thread 7" [_thread_blocked, id=19856, stack(0x000000dd42700000,0x000000dd42800000)]
  0x000002a171abfe10 JavaThread "Unconstrained build operations Thread 8" [_thread_blocked, id=13124, stack(0x000000dd42800000,0x000000dd42900000)]
  0x000002a171abdaa0 JavaThread "Unconstrained build operations Thread 9" [_thread_blocked, id=9264, stack(0x000000dd42900000,0x000000dd42a00000)]
  0x000002a171abeee0 JavaThread "Unconstrained build operations Thread 10" [_thread_blocked, id=19956, stack(0x000000dd42a00000,0x000000dd42b00000)]
  0x000002a171abd590 JavaThread "Unconstrained build operations Thread 11" [_thread_blocked, id=21008, stack(0x000000dd42b00000,0x000000dd42c00000)]
  0x000002a171abc660 JavaThread "Unconstrained build operations Thread 12" [_thread_blocked, id=18616, stack(0x000000dd42c00000,0x000000dd42d00000)]
  0x000002a171abf3f0 JavaThread "Unconstrained build operations Thread 13" [_thread_blocked, id=21264, stack(0x000000dd42d00000,0x000000dd42e00000)]
  0x000002a171abd080 JavaThread "Unconstrained build operations Thread 14" [_thread_blocked, id=20180, stack(0x000000dd42e00000,0x000000dd42f00000)]
  0x000002a171abf900 JavaThread "Unconstrained build operations Thread 15" [_thread_blocked, id=15164, stack(0x000000dd42f00000,0x000000dd43000000)]
  0x000002a173dfcdf0 JavaThread "Unconstrained build operations Thread 16" [_thread_blocked, id=21996, stack(0x000000dd43000000,0x000000dd43100000)]
  0x000002a173dfe230 JavaThread "Unconstrained build operations Thread 17" [_thread_blocked, id=3436, stack(0x000000dd43100000,0x000000dd43200000)]
  0x000002a173dfc8e0 JavaThread "Unconstrained build operations Thread 18" [_thread_blocked, id=14516, stack(0x000000dd43200000,0x000000dd43300000)]
  0x000002a173dfd810 JavaThread "Unconstrained build operations Thread 19" [_thread_blocked, id=12252, stack(0x000000dd43300000,0x000000dd43400000)]
  0x000002a170a47fd0 JavaThread "Unconstrained build operations Thread 20" [_thread_blocked, id=3344, stack(0x000000dd43400000,0x000000dd43500000)]
  0x000002a170ae42a0 JavaThread "Unconstrained build operations Thread 21" [_thread_blocked, id=21460, stack(0x000000dd43500000,0x000000dd43600000)]
  0x000002a173dfdd20 JavaThread "Unconstrained build operations Thread 22" [_thread_blocked, id=21464, stack(0x000000dd43600000,0x000000dd43700000)]
  0x000002a173dfd300 JavaThread "Unconstrained build operations Thread 23" [_thread_blocked, id=6796, stack(0x000000dd43700000,0x000000dd43800000)]
  0x000002a163b83320 JavaThread "Unconstrained build operations Thread 24" [_thread_blocked, id=764, stack(0x000000dd43800000,0x000000dd43900000)]
  0x000002a163b80fb0 JavaThread "Unconstrained build operations Thread 25" [_thread_blocked, id=20204, stack(0x000000dd43900000,0x000000dd43a00000)]
  0x000002a163b823f0 JavaThread "Unconstrained build operations Thread 26" [_thread_blocked, id=21828, stack(0x000000dd43a00000,0x000000dd43b00000)]
  0x000002a163b82900 JavaThread "build event listener" [_thread_blocked, id=18324, stack(0x000000dd44300000,0x000000dd44400000)]
  0x000002a171d70c90 JavaThread "included builds" [_thread_blocked, id=18508, stack(0x000000dd44400000,0x000000dd44500000)]
  0x000002a1712307e0 JavaThread "Execution worker" [_thread_blocked, id=12352, stack(0x000000dd44500000,0x000000dd44600000)]
  0x000002a17122f8b0 JavaThread "Execution worker Thread 2" [_thread_blocked, id=20380, stack(0x000000dd44600000,0x000000dd44700000)]
  0x000002a171231c20 JavaThread "Execution worker Thread 3" [_thread_blocked, id=17352, stack(0x000000dd44700000,0x000000dd44800000)]
  0x000002a171231200 JavaThread "Execution worker Thread 4" [_thread_blocked, id=21600, stack(0x000000dd44800000,0x000000dd44900000)]
  0x000002a17122fdc0 JavaThread "Execution worker Thread 5" [_thread_blocked, id=19144, stack(0x000000dd44900000,0x000000dd44a00000)]
  0x000002a17122e980 JavaThread "Execution worker Thread 6" [_thread_blocked, id=22140, stack(0x000000dd44a00000,0x000000dd44b00000)]
  0x000002a171232130 JavaThread "Execution worker Thread 7" [_thread_blocked, id=5372, stack(0x000000dd44c00000,0x000000dd44d00000)]
  0x000002a171231710 JavaThread "Execution worker Thread 8" [_thread_blocked, id=3304, stack(0x000000dd44d00000,0x000000dd44e00000)]
  0x000002a17122ee90 JavaThread "Execution worker Thread 9" [_thread_blocked, id=21064, stack(0x000000dd44e00000,0x000000dd44f00000)]
  0x000002a17122f3a0 JavaThread "Execution worker Thread 10" [_thread_blocked, id=21556, stack(0x000000dd44f00000,0x000000dd45000000)]
  0x000002a16f023b70 JavaThread "Execution worker Thread 11" [_thread_blocked, id=14620, stack(0x000000dd45000000,0x000000dd45100000)]
  0x000002a163b83830 JavaThread "Cache worker for execution history cache (D:\predcaredoctor\node_modules\@react-native\gradle-plugin\.gradle\8.12\executionHistory)" [_thread_blocked, id=14024, stack(0x000000dd45100000,0x000000dd45200000)]
  0x000002a163b81ee0 JavaThread "Unconstrained build operations Thread 27" [_thread_blocked, id=16724, stack(0x000000dd45200000,0x000000dd45300000)]
  0x000002a163b80080 JavaThread "Unconstrained build operations Thread 28" [_thread_blocked, id=9888, stack(0x000000dd45300000,0x000000dd45400000)]
  0x000002a163b80590 JavaThread "Unconstrained build operations Thread 29" [_thread_blocked, id=4008, stack(0x000000dd45400000,0x000000dd45500000)]
  0x000002a163b80aa0 JavaThread "Unconstrained build operations Thread 30" [_thread_blocked, id=20660, stack(0x000000dd45500000,0x000000dd45600000)]
  0x000002a163b82e10 JavaThread "Unconstrained build operations Thread 31" [_thread_blocked, id=9960, stack(0x000000dd45600000,0x000000dd45700000)]
  0x000002a170ae2950 JavaThread "Unconstrained build operations Thread 32" [_thread_blocked, id=20200, stack(0x000000dd45700000,0x000000dd45800000)]
  0x000002a170ae3370 JavaThread "Unconstrained build operations Thread 33" [_thread_blocked, id=5344, stack(0x000000dd45800000,0x000000dd45900000)]
  0x000002a170ae47b0 JavaThread "Unconstrained build operations Thread 34" [_thread_blocked, id=14652, stack(0x000000dd45900000,0x000000dd45a00000)]
  0x000002a170ae1f30 JavaThread "Unconstrained build operations Thread 35" [_thread_blocked, id=20560, stack(0x000000dd45a00000,0x000000dd45b00000)]
  0x000002a170ae4cc0 JavaThread "Unconstrained build operations Thread 36" [_thread_blocked, id=20172, stack(0x000000dd45b00000,0x000000dd45c00000)]
  0x000002a170ae51d0 JavaThread "Unconstrained build operations Thread 37" [_thread_blocked, id=20568, stack(0x000000dd45c00000,0x000000dd45d00000)]
  0x000002a170a4a340 JavaThread "Unconstrained build operations Thread 38" [_thread_blocked, id=14700, stack(0x000000dd45d00000,0x000000dd45e00000)]
  0x000002a170a489f0 JavaThread "Unconstrained build operations Thread 39" [_thread_blocked, id=9024, stack(0x000000dd45e00000,0x000000dd45f00000)]
  0x000002a170a49410 JavaThread "Unconstrained build operations Thread 40" [_thread_blocked, id=19204, stack(0x000000dd45f00000,0x000000dd46000000)]
  0x000002a170a484e0 JavaThread "Unconstrained build operations Thread 41" [_thread_blocked, id=17336, stack(0x000000dd46000000,0x000000dd46100000)]
  0x000002a170a49920 JavaThread "Unconstrained build operations Thread 42" [_thread_blocked, id=6172, stack(0x000000dd46100000,0x000000dd46200000)]
  0x000002a170a49e30 JavaThread "Unconstrained build operations Thread 43" [_thread_blocked, id=19800, stack(0x000000dd46200000,0x000000dd46300000)]
  0x000002a163b814c0 JavaThread "Unconstrained build operations Thread 44" [_thread_blocked, id=21164, stack(0x000000dd46300000,0x000000dd46400000)]
  0x000002a17239b6a0 JavaThread "Unconstrained build operations Thread 45" [_thread_blocked, id=14976, stack(0x000000dd46400000,0x000000dd46500000)]
  0x000002a17239cae0 JavaThread "Unconstrained build operations Thread 46" [_thread_blocked, id=17888, stack(0x000000dd46500000,0x000000dd46600000)]
  0x000002a17239b190 JavaThread "Unconstrained build operations Thread 47" [_thread_blocked, id=15436, stack(0x000000dd46600000,0x000000dd46700000)]
  0x000002a17239c5d0 JavaThread "Unconstrained build operations Thread 48" [_thread_blocked, id=21728, stack(0x000000dd46700000,0x000000dd46800000)]
  0x000002a17239bbb0 JavaThread "Unconstrained build operations Thread 49" [_thread_blocked, id=19940, stack(0x000000dd46800000,0x000000dd46900000)]
  0x000002a16ee76130 JavaThread "Unconstrained build operations Thread 50" [_thread_blocked, id=13100, stack(0x000000dd46900000,0x000000dd46a00000)]
  0x000002a16ee74cf0 JavaThread "Unconstrained build operations Thread 51" [_thread_blocked, id=21200, stack(0x000000dd46a00000,0x000000dd46b00000)]
  0x000002a16ee76640 JavaThread "Unconstrained build operations Thread 52" [_thread_blocked, id=20012, stack(0x000000dd46b00000,0x000000dd46c00000)]
  0x000002a1706bb300 JavaThread "Unconstrained build operations Thread 53" [_thread_blocked, id=840, stack(0x000000dd46c00000,0x000000dd46d00000)]
  0x000002a1706b8060 JavaThread "Unconstrained build operations Thread 54" [_thread_blocked, id=9580, stack(0x000000dd46d00000,0x000000dd46e00000)]
  0x000002a1706ba3d0 JavaThread "Unconstrained build operations Thread 55" [_thread_blocked, id=13740, stack(0x000000dd46e00000,0x000000dd46f00000)]
  0x000002a173147140 JavaThread "Unconstrained build operations Thread 56" [_thread_blocked, id=21248, stack(0x000000dd46f00000,0x000000dd47000000)]
  0x000002a17050dc70 JavaThread "Unconstrained build operations Thread 57" [_thread_blocked, id=11208, stack(0x000000dd47000000,0x000000dd47100000)]
  0x000002a17050e690 JavaThread "Unconstrained build operations Thread 58" [_thread_blocked, id=13168, stack(0x000000dd47100000,0x000000dd47200000)]
  0x000002a17050d760 JavaThread "Unconstrained build operations Thread 59" [_thread_blocked, id=20984, stack(0x000000dd47200000,0x000000dd47300000)]
  0x000002a17050e180 JavaThread "Unconstrained build operations Thread 60" [_thread_blocked, id=15052, stack(0x000000dd47300000,0x000000dd47400000)]
  0x000002a170a4a850 JavaThread "Unconstrained build operations Thread 61" [_thread_blocked, id=6112, stack(0x000000dd47400000,0x000000dd47500000)]
  0x000002a16ee742d0 JavaThread "Unconstrained build operations Thread 62" [_thread_blocked, id=20432, stack(0x000000dd47500000,0x000000dd47600000)]
  0x000002a1705104f0 JavaThread "Unconstrained build operations Thread 63" [_thread_blocked, id=1108, stack(0x000000dd47600000,0x000000dd47700000)]
  0x000002a17050eba0 JavaThread "Unconstrained build operations Thread 64" [_thread_blocked, id=12180, stack(0x000000dd47700000,0x000000dd47800000)]
  0x000002a170510a00 JavaThread "Unconstrained build operations Thread 65" [_thread_blocked, id=19360, stack(0x000000dd47800000,0x000000dd47900000)]
  0x000002a17050d250 JavaThread "Unconstrained build operations Thread 66" [_thread_blocked, id=20376, stack(0x000000dd47900000,0x000000dd47a00000)]
  0x000002a1706b8570 JavaThread "Unconstrained build operations Thread 67" [_thread_blocked, id=20688, stack(0x000000dd47a00000,0x000000dd47b00000)]
  0x000002a1706b9ec0 JavaThread "Unconstrained build operations Thread 68" [_thread_blocked, id=6820, stack(0x000000dd47b00000,0x000000dd47c00000)]
  0x000002a1706b8a80 JavaThread "Unconstrained build operations Thread 69" [_thread_blocked, id=8740, stack(0x000000dd47c00000,0x000000dd47d00000)]
  0x000002a1706b94a0 JavaThread "Unconstrained build operations Thread 70" [_thread_blocked, id=7136, stack(0x000000dd47d00000,0x000000dd47e00000)]
  0x000002a1706ba8e0 JavaThread "Unconstrained build operations Thread 71" [_thread_blocked, id=7940, stack(0x000000dd47e00000,0x000000dd47f00000)]
  0x000002a16f023150 JavaThread "Unconstrained build operations Thread 72" [_thread_blocked, id=10272, stack(0x000000dd47f00000,0x000000dd48000000)]
  0x000002a16f024080 JavaThread "Unconstrained build operations Thread 73" [_thread_blocked, id=14744, stack(0x000000dd48000000,0x000000dd48100000)]
  0x000002a16f022730 JavaThread "Unconstrained build operations Thread 74" [_thread_blocked, id=19388, stack(0x000000dd48100000,0x000000dd48200000)]
  0x000002a170ae56e0 JavaThread "Unconstrained build operations Thread 75" [_thread_blocked, id=15660, stack(0x000000dd48200000,0x000000dd48300000)]
  0x000002a170ae2440 JavaThread "Unconstrained build operations Thread 76" [_thread_blocked, id=9036, stack(0x000000dd48300000,0x000000dd48400000)]
  0x000002a16ee75710 JavaThread "Unconstrained build operations Thread 77" [_thread_blocked, id=21940, stack(0x000000dd48400000,0x000000dd48500000)]
  0x000002a16ee747e0 JavaThread "Unconstrained build operations Thread 78" [_thread_blocked, id=15256, stack(0x000000dd48500000,0x000000dd48600000)]
  0x000002a16ee72e90 JavaThread "Unconstrained build operations Thread 79" [_thread_blocked, id=21312, stack(0x000000dd48600000,0x000000dd48700000)]
  0x000002a16ee733a0 JavaThread "Unconstrained build operations Thread 80" [_thread_blocked, id=21540, stack(0x000000dd48700000,0x000000dd48800000)]
  0x000002a16ee75200 JavaThread "Unconstrained build operations Thread 81" [_thread_blocked, id=21772, stack(0x000000dd48800000,0x000000dd48900000)]
  0x000002a16ee738b0 JavaThread "Unconstrained build operations Thread 82" [_thread_blocked, id=8344, stack(0x000000dd48900000,0x000000dd48a00000)]
  0x000002a16ee73dc0 JavaThread "Unconstrained build operations Thread 83" [_thread_blocked, id=15288, stack(0x000000dd48a00000,0x000000dd48b00000)]
  0x000002a173f56210 JavaThread "Unconstrained build operations Thread 84" [_thread_blocked, id=22260, stack(0x000000dd48b00000,0x000000dd48c00000)]
  0x000002a173f58580 JavaThread "Unconstrained build operations Thread 85" [_thread_blocked, id=252, stack(0x000000dd48c00000,0x000000dd48d00000)]
  0x000002a173f599c0 JavaThread "Unconstrained build operations Thread 86" [_thread_blocked, id=18244, stack(0x000000dd48d00000,0x000000dd48e00000)]
  0x000002a173f56720 JavaThread "Unconstrained build operations Thread 87" [_thread_blocked, id=19104, stack(0x000000dd48e00000,0x000000dd48f00000)]
  0x000002a1733241c0 JavaThread "Unconstrained build operations Thread 88" [_thread_blocked, id=400, stack(0x000000dd48f00000,0x000000dd49000000)]
  0x000002a173325600 JavaThread "Unconstrained build operations Thread 89" [_thread_blocked, id=11184, stack(0x000000dd49000000,0x000000dd49100000)]
  0x000002a170b35af0 JavaThread "Unconstrained build operations Thread 90" [_thread_blocked, id=18736, stack(0x000000dd49100000,0x000000dd49200000)]
  0x000002a170b36a20 JavaThread "Unconstrained build operations Thread 91" [_thread_blocked, id=11492, stack(0x000000dd49200000,0x000000dd49300000)]
  0x000002a170b36000 JavaThread "Unconstrained build operations Thread 92" [_thread_blocked, id=20300, stack(0x000000dd49300000,0x000000dd49400000)]
  0x000002a170b355e0 JavaThread "Unconstrained build operations Thread 93" [_thread_blocked, id=4304, stack(0x000000dd49400000,0x000000dd49500000)]
  0x000002a170b341a0 JavaThread "Unconstrained build operations Thread 94" [_thread_blocked, id=21328, stack(0x000000dd49500000,0x000000dd49600000)]
  0x000002a1720308e0 JavaThread "Unconstrained build operations Thread 95" [_thread_blocked, id=20904, stack(0x000000dd49600000,0x000000dd49700000)]
  0x000002a17202f4a0 JavaThread "Unconstrained build operations Thread 96" [_thread_blocked, id=5756, stack(0x000000dd49700000,0x000000dd49800000)]
  0x000002a17202e060 JavaThread "Unconstrained build operations Thread 97" [_thread_blocked, id=13908, stack(0x000000dd49800000,0x000000dd49900000)]
  0x000002a17202f9b0 JavaThread "Unconstrained build operations Thread 98" [_thread_blocked, id=13148, stack(0x000000dd49900000,0x000000dd49a00000)]
  0x000002a17050f0b0 JavaThread "build event listener" [_thread_blocked, id=17588, stack(0x000000dd49a00000,0x000000dd49b00000)]
  0x000002a17050fad0 JavaThread "Problems report writer" [_thread_blocked, id=13648, stack(0x000000dd49b00000,0x000000dd49c00000)]
  0x000002a17050f5c0 JavaThread "Unconstrained build operations Thread 99" [_thread_blocked, id=14476, stack(0x000000dd49c00000,0x000000dd49d00000)]
  0x000002a17050ffe0 JavaThread "Unconstrained build operations Thread 100" [_thread_blocked, id=21068, stack(0x000000dd49d00000,0x000000dd49e00000)]
  0x000002a172f8b9f0 JavaThread "Unconstrained build operations Thread 101" [_thread_blocked, id=1772, stack(0x000000dd49e00000,0x000000dd49f00000)]
  0x000002a172f8e780 JavaThread "Unconstrained build operations Thread 102" [_thread_blocked, id=7664, stack(0x000000dd49f00000,0x000000dd4a000000)]
  0x000002a172f8d850 JavaThread "Unconstrained build operations Thread 103" [_thread_blocked, id=19612, stack(0x000000dd4a000000,0x000000dd4a100000)]
  0x000002a172f8bf00 JavaThread "Unconstrained build operations Thread 104" [_thread_blocked, id=21968, stack(0x000000dd4a100000,0x000000dd4a200000)]
  0x000002a172f8e270 JavaThread "Unconstrained build operations Thread 105" [_thread_blocked, id=9164, stack(0x000000dd4a200000,0x000000dd4a300000)]
  0x000002a172f8c410 JavaThread "Unconstrained build operations Thread 106" [_thread_blocked, id=21308, stack(0x000000dd4a300000,0x000000dd4a400000)]
  0x000002a172f8ec90 JavaThread "Unconstrained build operations Thread 107" [_thread_blocked, id=9100, stack(0x000000dd4a400000,0x000000dd4a500000)]
  0x000002a172f8b4e0 JavaThread "Unconstrained build operations Thread 108" [_thread_blocked, id=8644, stack(0x000000dd4a500000,0x000000dd4a600000)]
  0x000002a172f8c920 JavaThread "Unconstrained build operations Thread 109" [_thread_blocked, id=10844, stack(0x000000dd4a600000,0x000000dd4a700000)]
  0x000002a172f8ce30 JavaThread "Unconstrained build operations Thread 110" [_thread_blocked, id=9344, stack(0x000000dd4a700000,0x000000dd4a800000)]
  0x000002a172f8dd60 JavaThread "Unconstrained build operations Thread 111" [_thread_blocked, id=14708, stack(0x000000dd4a800000,0x000000dd4a900000)]
  0x000002a172f8d340 JavaThread "Unconstrained build operations Thread 112" [_thread_blocked, id=16752, stack(0x000000dd4a900000,0x000000dd4aa00000)]
  0x000002a171dd30d0 JavaThread "Unconstrained build operations Thread 113" [_thread_blocked, id=21032, stack(0x000000dd4aa00000,0x000000dd4ab00000)]
  0x000002a171dd3af0 JavaThread "Unconstrained build operations Thread 114" [_thread_blocked, id=19700, stack(0x000000dd4ad00000,0x000000dd4ae00000)]
  0x000002a171dd4a20 JavaThread "Unconstrained build operations Thread 115" [_thread_blocked, id=21508, stack(0x000000dd4ae00000,0x000000dd4af00000)]
  0x000002a1706b99b0 JavaThread "Unconstrained build operations Thread 116" [_thread_blocked, id=13232, stack(0x000000dd4af00000,0x000000dd4b000000)]
  0x000002a170a1d5d0 JavaThread "Unconstrained build operations Thread 117" [_thread_blocked, id=20656, stack(0x000000dd4b000000,0x000000dd4b100000)]
  0x000002a170a1d0c0 JavaThread "Unconstrained build operations Thread 118" [_thread_blocked, id=18612, stack(0x000000dd4b100000,0x000000dd4b200000)]
  0x000002a16fdf5640 JavaThread "Unconstrained build operations Thread 119" [_thread_blocked, id=8, stack(0x000000dd4b200000,0x000000dd4b300000)]
  0x000002a16fdf37e0 JavaThread "Unconstrained build operations Thread 120" [_thread_blocked, id=3844, stack(0x000000dd4b300000,0x000000dd4b400000)]
  0x000002a1723dd940 JavaThread "Cache worker for execution history cache (D:\predcaredoctor\android\.gradle\8.12\executionHistory)" [_thread_blocked, id=18852, stack(0x000000dd4bc00000,0x000000dd4bd00000)]
  0x000002a173fd8ec0 JavaThread "WorkerExecutor Queue" [_thread_blocked, id=7680, stack(0x000000dd4cc00000,0x000000dd4cd00000)]
  0x000002a173e6b9b0 JavaThread "WorkerExecutor Queue Thread 2" [_thread_blocked, id=5692, stack(0x000000dd4cd00000,0x000000dd4ce00000)]
  0x000002a173f56c30 JavaThread "WorkerExecutor Queue Thread 3" [_thread_blocked, id=15440, stack(0x000000dd4ce00000,0x000000dd4cf00000)]
  0x000002a1723dde50 JavaThread "WorkerExecutor Queue Thread 6" [_thread_blocked, id=12540, stack(0x000000dd4d200000,0x000000dd4d300000)]
  0x000002a173f57140 JavaThread "WorkerExecutor Queue Thread 8" [_thread_blocked, id=10044, stack(0x000000dd4d400000,0x000000dd4d500000)]
  0x000002a173f57650 JavaThread "WorkerExecutor Queue Thread 9" [_thread_blocked, id=2704, stack(0x000000dd4d500000,0x000000dd4d600000)]
  0x000002a173f58070 JavaThread "WorkerExecutor Queue Thread 11" [_thread_blocked, id=18824, stack(0x000000dd4d700000,0x000000dd4d800000)]
  0x000002a173f57b60 JavaThread "WorkerExecutor Queue Thread 12" [_thread_blocked, id=20096, stack(0x000000dd4d800000,0x000000dd4d900000)]
  0x000002a171dd4000 JavaThread "pool-15-thread-1" [_thread_blocked, id=21744, stack(0x000000dd40b00000,0x000000dd40c00000)]
  0x000002a173fd84a0 JavaThread "stderr" [_thread_in_native, id=20736, stack(0x000000dd44200000,0x000000dd44300000)]
  0x000002a173fd7570 JavaThread "stdout" [_thread_in_native, id=4896, stack(0x000000dd4ba00000,0x000000dd4bb00000)]
  0x000002a170ae7030 JavaThread "stderr" [_thread_in_native, id=2684, stack(0x000000dd4db00000,0x000000dd4dc00000)]
  0x000002a170ae7f60 JavaThread "stdout" [_thread_in_native, id=2016, stack(0x000000dd4dd00000,0x000000dd4de00000)]
  0x000002a173f58a90 JavaThread "stderr" [_thread_in_native, id=22384, stack(0x000000dd4de00000,0x000000dd4df00000)]
  0x000002a173f58fa0 JavaThread "stdout" [_thread_in_native, id=18092, stack(0x000000dd4df00000,0x000000dd4e000000)]
  0x000002a1723dd430 JavaThread "stderr" [_thread_blocked, id=3788, stack(0x000000dd4e000000,0x000000dd4e100000)]
  0x000002a1723dbae0 JavaThread "stdout" [_thread_in_native, id=18816, stack(0x000000dd4e100000,0x000000dd4e200000)]
  0x000002a16f915050 JavaThread "stderr" [_thread_in_native, id=21672, stack(0x000000dd4e200000,0x000000dd4e300000)]
  0x000002a173f594b0 JavaThread "stderr" [_thread_in_native, id=20880, stack(0x000000dd4e300000,0x000000dd4e400000)]
  0x000002a16f915560 JavaThread "stdout" [_thread_in_native, id=20268, stack(0x000000dd4e400000,0x000000dd4e500000)]
  0x000002a16ee75c20 JavaThread "stdout" [_thread_in_native, id=15312, stack(0x000000dd4e500000,0x000000dd4e600000)]
  0x000002a173fd93d0 JavaThread "stderr" [_thread_in_native, id=22016, stack(0x000000dd4e600000,0x000000dd4e700000)]
  0x000002a173fd89b0 JavaThread "stdout" [_thread_in_native, id=13808, stack(0x000000dd4e700000,0x000000dd4e800000)]
  0x000002a172031810 JavaThread "stderr" [_thread_in_native, id=19776, stack(0x000000dd4e800000,0x000000dd4e900000)]
  0x000002a17202e570 JavaThread "stdout" [_thread_in_native, id=9340, stack(0x000000dd4e900000,0x000000dd4ea00000)]
  0x000002a16f024590 JavaThread "Build operations" [_thread_blocked, id=20976, stack(0x000000dd4eb00000,0x000000dd4ec00000)]
  0x000002a16f021d10 JavaThread "Build operations Thread 2" [_thread_blocked, id=18660, stack(0x000000dd4ee00000,0x000000dd4ef00000)]
  0x000002a16f021800 JavaThread "Build operations Thread 3" [_thread_blocked, id=21808, stack(0x000000dd4ef00000,0x000000dd4f000000)]
  0x000002a16f024aa0 JavaThread "Build operations Thread 4" [_thread_blocked, id=13620, stack(0x000000dd4f100000,0x000000dd4f200000)]
  0x000002a16f024fb0 JavaThread "Build operations Thread 5" [_thread_blocked, id=16560, stack(0x000000dd4f200000,0x000000dd4f300000)]
  0x000002a16f022220 JavaThread "Build operations Thread 6" [_thread_blocked, id=192, stack(0x000000dd4f300000,0x000000dd4f400000)]
  0x000002a170b36510 JavaThread "Build operations Thread 7" [_thread_blocked, id=6100, stack(0x000000dd4f400000,0x000000dd4f500000)]
  0x000002a170b346b0 JavaThread "Build operations Thread 8" [_thread_blocked, id=12936, stack(0x000000dd4f500000,0x000000dd4f600000)]
  0x000002a170b37440 JavaThread "Build operations Thread 9" [_thread_blocked, id=17324, stack(0x000000dd4f600000,0x000000dd4f700000)]
  0x000002a170b33c90 JavaThread "Build operations Thread 10" [_thread_blocked, id=20124, stack(0x000000dd4f700000,0x000000dd4f800000)]
  0x000002a170b34bc0 JavaThread "Build operations Thread 11" [_thread_blocked, id=14720, stack(0x000000dd4f800000,0x000000dd4f900000)]
  0x000002a16fdf6060 JavaThread "Build operations Thread 12" [_thread_blocked, id=6852, stack(0x000000dd4d000000,0x000000dd4d100000)]
  0x000002a173fd9df0 JavaThread "RMI GC Daemon" daemon [_thread_blocked, id=14480, stack(0x000000dd4fa00000,0x000000dd4fb00000)]
  0x000002a173fda300 JavaThread "RMI Reaper" [_thread_blocked, id=5256, stack(0x000000dd4fb00000,0x000000dd4fc00000)]
  0x000002a173afd4d0 JavaThread "RMI TCP Connection(idle)" daemon [_thread_blocked, id=20916, stack(0x000000dd4fd00000,0x000000dd4fe00000)]
  0x000002a173b00c80 JavaThread "RMI TCP Connection(idle)" daemon [_thread_blocked, id=18304, stack(0x000000dd4fe00000,0x000000dd4ff00000)]
  0x000002a173afe400 JavaThread "RMI TCP Connection(idle)" daemon [_thread_blocked, id=21016, stack(0x000000dd4b600000,0x000000dd4b700000)]
  0x000002a1701588d0 JavaThread "WorkerExecutor Queue Thread 15" [_thread_blocked, id=8128, stack(0x000000dd4b400000,0x000000dd4b500000)]
  0x000002a1715d3d20 JavaThread "Exec process Thread 4" [_thread_blocked, id=21684, stack(0x000000dd4bb00000,0x000000dd4bc00000)]
  0x000002a173fd98e0 JavaThread "Exec process Thread 5" [_thread_blocked, id=2568, stack(0x000000dd4cf00000,0x000000dd4d000000)]
  0x000002a173fda810 JavaThread "Exec process Thread 6" [_thread_blocked, id=2932, stack(0x000000dd4d900000,0x000000dd4da00000)]
  0x000002a16fdf3cf0 JavaThread "WorkerExecutor Queue Thread 16" [_thread_blocked, id=14064, stack(0x000000dd43c00000,0x000000dd43d00000)]
  0x000002a16eaca3f0 JavaThread "Exec process Thread 7" [_thread_blocked, id=5636, stack(0x000000dd4da00000,0x000000dd4db00000)]
  0x000002a1715d2df0 JavaThread "Exec process Thread 8" [_thread_blocked, id=22020, stack(0x000000dd4ea00000,0x000000dd4eb00000)]
  0x000002a1715d65a0 JavaThread "Exec process Thread 9" [_thread_blocked, id=8316, stack(0x000000dd4f900000,0x000000dd4fa00000)]
  0x000002a16fdf6a80 JavaThread "Exec process Thread 10" [_thread_blocked, id=14504, stack(0x000000dd4fc00000,0x000000dd4fd00000)]
  0x000002a16fdf4710 JavaThread "Exec process Thread 11" [_thread_blocked, id=21972, stack(0x000000dd4ff00000,0x000000dd50000000)]
  0x000002a170ae6610 JavaThread "Exec process Thread 12" [_thread_blocked, id=19080, stack(0x000000dd50000000,0x000000dd50100000)]
  0x000002a170ae3d90 JavaThread "Exec process Thread 13" [_thread_blocked, id=21128, stack(0x000000dd50100000,0x000000dd50200000)]
  0x000002a168dba0b0 JavaThread "Exec process Thread 14" [_thread_blocked, id=20740, stack(0x000000dd50200000,0x000000dd50300000)]
  0x000002a168dba5c0 JavaThread "Exec process Thread 15" [_thread_blocked, id=19500, stack(0x000000dd50300000,0x000000dd50400000)]
  0x000002a18199c9c0 JavaThread "WorkerExecutor Queue Thread 17" [_thread_blocked, id=18516, stack(0x000000dd4d600000,0x000000dd4d700000)]
  0x000002a16f915f80 JavaThread "WorkerExecutor Queue Thread 19" [_thread_blocked, id=18664, stack(0x000000dd44000000,0x000000dd44100000)]
  0x000002a18199d3e0 JavaThread "Keep-Alive-Timer" daemon [_thread_blocked, id=19660, stack(0x000000dd50400000,0x000000dd50500000)]

Other Threads:
=>0x000002a129e2e1c0 VMThread "VM Thread" [stack: 0x000000dd3f600000,0x000000dd3f700000] [id=1860]
  0x000002a104e712a0 WatcherThread [stack: 0x000000dd40200000,0x000000dd40300000] [id=5164]
  0x000002a104e33780 GCTaskThread "GC Thread#0" [stack: 0x000000dd3f100000,0x000000dd3f200000] [id=9532]
  0x000002a163252820 GCTaskThread "GC Thread#1" [stack: 0x000000dd40300000,0x000000dd40400000] [id=5260]
  0x000002a16357d9d0 GCTaskThread "GC Thread#2" [stack: 0x000000dd40400000,0x000000dd40500000] [id=18988]
  0x000002a16444f780 GCTaskThread "GC Thread#3" [stack: 0x000000dd40500000,0x000000dd40600000] [id=13708]
  0x000002a163251100 GCTaskThread "GC Thread#4" [stack: 0x000000dd40600000,0x000000dd40700000] [id=17960]
  0x000002a165a4c330 GCTaskThread "GC Thread#5" [stack: 0x000000dd41300000,0x000000dd41400000] [id=8788]
  0x000002a165a4c5f0 GCTaskThread "GC Thread#6" [stack: 0x000000dd41500000,0x000000dd41600000] [id=19216]
  0x000002a165a4c8b0 GCTaskThread "GC Thread#7" [stack: 0x000000dd41600000,0x000000dd41700000] [id=1452]
  0x000002a165a4cb70 GCTaskThread "GC Thread#8" [stack: 0x000000dd41700000,0x000000dd41800000] [id=7120]
  0x000002a1655637d0 GCTaskThread "GC Thread#9" [stack: 0x000000dd41800000,0x000000dd41900000] [id=17848]
  0x000002a104e445e0 ConcurrentGCThread "G1 Main Marker" [stack: 0x000000dd3f200000,0x000000dd3f300000] [id=13616]
  0x000002a104e46be0 ConcurrentGCThread "G1 Conc#0" [stack: 0x000000dd3f300000,0x000000dd3f400000] [id=18640]
  0x000002a1661b2190 ConcurrentGCThread "G1 Conc#1" [stack: 0x000000dd41b00000,0x000000dd41c00000] [id=10356]
  0x000002a1661b1c10 ConcurrentGCThread "G1 Conc#2" [stack: 0x000000dd41c00000,0x000000dd41d00000] [id=5988]
  0x000002a104e8e7c0 ConcurrentGCThread "G1 Refine#0" [stack: 0x000000dd3f400000,0x000000dd3f500000] [id=10956]
  0x000002a1643bd3b0 ConcurrentGCThread "G1 Refine#1" [stack: 0x000000dd4c400000,0x000000dd4c500000] [id=8412]
  0x000002a1643bc210 ConcurrentGCThread "G1 Refine#2" [stack: 0x000000dd4c500000,0x000000dd4c600000] [id=2460]
  0x000002a1643bbc30 ConcurrentGCThread "G1 Refine#3" [stack: 0x000000dd4c600000,0x000000dd4c700000] [id=1884]
  0x000002a1643bd6a0 ConcurrentGCThread "G1 Refine#4" [stack: 0x000000dd4c700000,0x000000dd4c800000] [id=3076]
  0x000002a171626010 ConcurrentGCThread "G1 Refine#5" [stack: 0x000000dd4c100000,0x000000dd4c200000] [id=21764]
  0x000002a171625d20 ConcurrentGCThread "G1 Refine#6" [stack: 0x000000dd4c800000,0x000000dd4c900000] [id=21864]
  0x000002a171626300 ConcurrentGCThread "G1 Refine#7" [stack: 0x000000dd4c900000,0x000000dd4ca00000] [id=21816]
  0x000002a171624b80 ConcurrentGCThread "G1 Refine#8" [stack: 0x000000dd4ca00000,0x000000dd4cb00000] [id=19424]
  0x000002a171625160 ConcurrentGCThread "G1 Refine#9" [stack: 0x000000dd4cb00000,0x000000dd4cc00000] [id=15560]
  0x000002a129ce6250 ConcurrentGCThread "G1 Service" [stack: 0x000000dd3f500000,0x000000dd3f600000] [id=18308]

Threads with active compile tasks:
C2 CompilerThread0  20322645 69132       4       com.android.tools.lint.checks.LibraryVersionRange$1::parsePartialFrom (7 bytes)
C1 CompilerThread0  20322645 70779       2       com.intellij.psi.impl.compiled.ClsTypeElementImpl::calculateBaseType (433 bytes)

VM state: at safepoint (normal execution)

VM Mutex/Monitor currently owned by a thread:  ([mutex/lock_event])
[0x000002a104dc32a0] Threads_lock - owner thread: 0x000002a129e2e1c0
[0x000002a104dc3330] Heap_lock - owner thread: 0x000002a171231710

Heap address: 0x0000000700000000, size: 4096 MB, Compressed Oops mode: Zero based, Oop shift amount: 3

CDS archive(s) mapped at: [0x000002a12a000000-0x000002a12abd0000-0x000002a12abd0000), size 12386304, SharedBaseAddress: 0x000002a12a000000, ArchiveRelocationMode: 1.
Compressed class space mapped at: 0x000002a12b000000-0x000002a15f000000, reserved size: 872415232
Narrow klass base: 0x000002a12a000000, Narrow klass shift: 0, Narrow klass range: 0x100000000

GC Precious Log:
 CPUs: 12 total, 12 available
 Memory: 7829M
 Large Page Support: Disabled
 NUMA Support: Disabled
 Compressed Oops: Enabled (Zero based)
 Heap Region Size: 2M
 Heap Min Capacity: 8M
 Heap Initial Capacity: 124M
 Heap Max Capacity: 4G
 Pre-touch: Disabled
 Parallel Workers: 10
 Concurrent Workers: 3
 Concurrent Refinement Workers: 10
 Periodic GC: Disabled

Heap:
 garbage-first heap   total 2443264K, used 663686K [0x0000000700000000, 0x0000000800000000)
  region size 2048K, 18 young (36864K), 18 survivors (36864K)
 Metaspace       used 286897K, committed 290112K, reserved 1114112K
  class space    used 36448K, committed 37952K, reserved 851968K

Heap Regions: E=young(eden), S=young(survivor), O=old, HS=humongous(starts), HC=humongous(continues), CS=collection set, F=free, OA=open archive, CA=closed archive, TAMS=top-at-mark-start (previous, next)
|   0|0x0000000700000000, 0x0000000700200000, 0x0000000700200000|100%|HS|  |TAMS 0x0000000700200000, 0x0000000700200000| Complete 
|   1|0x0000000700200000, 0x0000000700400000, 0x0000000700400000|100%|HC|  |TAMS 0x0000000700400000, 0x0000000700400000| Complete 
|   2|0x0000000700400000, 0x00000007005c5a18, 0x0000000700600000| 88%| O|  |TAMS 0x00000007005c5a18, 0x00000007005c5a18| Untracked 
|   3|0x0000000700600000, 0x00000007007d9c68, 0x0000000700800000| 92%| O|  |TAMS 0x00000007007d9c68, 0x00000007007d9c68| Untracked 
|   4|0x0000000700800000, 0x00000007009fffa0, 0x0000000700a00000| 99%| O|  |TAMS 0x00000007009fffa0, 0x00000007009fffa0| Untracked 
|   5|0x0000000700a00000, 0x0000000700bebad8, 0x0000000700c00000| 96%| O|  |TAMS 0x0000000700bebad8, 0x0000000700bebad8| Untracked 
|   6|0x0000000700c00000, 0x0000000700e00000, 0x0000000700e00000|100%| O|  |TAMS 0x0000000700e00000, 0x0000000700e00000| Untracked 
|   7|0x0000000700e00000, 0x0000000701000000, 0x0000000701000000|100%| O|  |TAMS 0x0000000701000000, 0x0000000701000000| Untracked 
|   8|0x0000000701000000, 0x00000007011fffb0, 0x0000000701200000| 99%| O|  |TAMS 0x00000007011fffb0, 0x00000007011fffb0| Untracked 
|   9|0x0000000701200000, 0x00000007013ffff8, 0x0000000701400000| 99%| O|  |TAMS 0x00000007013ffff8, 0x00000007013ffff8| Untracked 
|  10|0x0000000701400000, 0x0000000701600000, 0x0000000701600000|100%| O|  |TAMS 0x0000000701600000, 0x0000000701600000| Untracked 
|  11|0x0000000701600000, 0x0000000701800000, 0x0000000701800000|100%| O|  |TAMS 0x0000000701800000, 0x0000000701800000| Untracked 
|  12|0x0000000701800000, 0x00000007019ffff8, 0x0000000701a00000| 99%| O|  |TAMS 0x00000007019ffff8, 0x00000007019ffff8| Untracked 
|  13|0x0000000701a00000, 0x0000000701c00000, 0x0000000701c00000|100%| O|  |TAMS 0x0000000701c00000, 0x0000000701c00000| Untracked 
|  14|0x0000000701c00000, 0x0000000701e00000, 0x0000000701e00000|100%|HS|  |TAMS 0x0000000701e00000, 0x0000000701e00000| Complete 
|  15|0x0000000701e00000, 0x0000000701ffffe8, 0x0000000702000000| 99%| O|  |TAMS 0x0000000701ffffe8, 0x0000000701ffffe8| Untracked 
|  16|0x0000000702000000, 0x00000007021fffe8, 0x0000000702200000| 99%| O|  |TAMS 0x00000007021fffe8, 0x00000007021fffe8| Untracked 
|  17|0x0000000702200000, 0x00000007023fa878, 0x0000000702400000| 98%| O|  |TAMS 0x00000007023fa878, 0x00000007023fa878| Untracked 
|  18|0x0000000702400000, 0x0000000702582398, 0x0000000702600000| 75%| O|  |TAMS 0x0000000702582398, 0x0000000702582398| Untracked 
|  19|0x0000000702600000, 0x0000000702800000, 0x0000000702800000|100%|HS|  |TAMS 0x0000000702800000, 0x0000000702800000| Complete 
|  20|0x0000000702800000, 0x0000000702a00000, 0x0000000702a00000|100%|HC|  |TAMS 0x0000000702a00000, 0x0000000702a00000| Complete 
|  21|0x0000000702a00000, 0x0000000702c00000, 0x0000000702c00000|100%|HS|  |TAMS 0x0000000702c00000, 0x0000000702c00000| Complete 
|  22|0x0000000702c00000, 0x0000000702e00000, 0x0000000702e00000|100%|HS|  |TAMS 0x0000000702e00000, 0x0000000702e00000| Complete 
|  23|0x0000000702e00000, 0x0000000702fff900, 0x0000000703000000| 99%| O|  |TAMS 0x0000000702fff900, 0x0000000702fff900| Untracked 
|  24|0x0000000703000000, 0x00000007031ffff0, 0x0000000703200000| 99%| O|  |TAMS 0x00000007031ffff0, 0x00000007031ffff0| Untracked 
|  25|0x0000000703200000, 0x00000007033ffff0, 0x0000000703400000| 99%| O|  |TAMS 0x00000007033ffff0, 0x00000007033ffff0| Untracked 
|  26|0x0000000703400000, 0x00000007035e6ad0, 0x0000000703600000| 95%| O|  |TAMS 0x00000007035e6ad0, 0x00000007035e6ad0| Untracked 
|  27|0x0000000703600000, 0x00000007037fffb8, 0x0000000703800000| 99%| O|  |TAMS 0x00000007037fffb8, 0x00000007037fffb8| Untracked 
|  28|0x0000000703800000, 0x0000000703a00000, 0x0000000703a00000|100%|HS|  |TAMS 0x0000000703a00000, 0x0000000703a00000| Complete 
|  29|0x0000000703a00000, 0x0000000703c00000, 0x0000000703c00000|100%|HC|  |TAMS 0x0000000703c00000, 0x0000000703c00000| Complete 
|  30|0x0000000703c00000, 0x0000000703d7ad50, 0x0000000703e00000| 73%| O|  |TAMS 0x0000000703d7ad50, 0x0000000703d7ad50| Untracked 
|  31|0x0000000703e00000, 0x0000000703fffff8, 0x0000000704000000| 99%| O|  |TAMS 0x0000000703fffff8, 0x0000000703fffff8| Untracked 
|  32|0x0000000704000000, 0x0000000704200000, 0x0000000704200000|100%| O|  |TAMS 0x0000000704200000, 0x0000000704200000| Untracked 
|  33|0x0000000704200000, 0x00000007043fffe0, 0x0000000704400000| 99%| O|  |TAMS 0x00000007043fffe0, 0x00000007043fffe0| Untracked 
|  34|0x0000000704400000, 0x00000007045fffb8, 0x0000000704600000| 99%| O|  |TAMS 0x00000007045fffb8, 0x00000007045fffb8| Untracked 
|  35|0x0000000704600000, 0x0000000704800000, 0x0000000704800000|100%| O|  |TAMS 0x0000000704800000, 0x0000000704800000| Untracked 
|  36|0x0000000704800000, 0x00000007049fffd8, 0x0000000704a00000| 99%| O|  |TAMS 0x00000007049fffd8, 0x00000007049fffd8| Untracked 
|  37|0x0000000704a00000, 0x0000000704b9a148, 0x0000000704c00000| 80%| O|  |TAMS 0x0000000704b9a148, 0x0000000704b9a148| Untracked 
|  38|0x0000000704c00000, 0x0000000704dffff0, 0x0000000704e00000| 99%| O|  |TAMS 0x0000000704dffff0, 0x0000000704dffff0| Untracked 
|  39|0x0000000704e00000, 0x0000000704fff518, 0x0000000705000000| 99%| O|  |TAMS 0x0000000704fff518, 0x0000000704fff518| Untracked 
|  40|0x0000000705000000, 0x00000007051ffff0, 0x0000000705200000| 99%| O|  |TAMS 0x00000007051ffff0, 0x00000007051ffff0| Untracked 
|  41|0x0000000705200000, 0x0000000705400000, 0x0000000705400000|100%| O|  |TAMS 0x0000000705400000, 0x0000000705400000| Untracked 
|  42|0x0000000705400000, 0x0000000705600000, 0x0000000705600000|100%| O|  |TAMS 0x0000000705600000, 0x0000000705600000| Untracked 
|  43|0x0000000705600000, 0x0000000705800000, 0x0000000705800000|100%| O|  |TAMS 0x0000000705800000, 0x0000000705800000| Untracked 
|  44|0x0000000705800000, 0x00000007059ffff8, 0x0000000705a00000| 99%| O|  |TAMS 0x00000007059ffff8, 0x00000007059ffff8| Untracked 
|  45|0x0000000705a00000, 0x0000000705bd8fb0, 0x0000000705c00000| 92%| O|  |TAMS 0x0000000705bd8fb0, 0x0000000705bd8fb0| Untracked 
|  46|0x0000000705c00000, 0x0000000705dffff0, 0x0000000705e00000| 99%| O|  |TAMS 0x0000000705dffff0, 0x0000000705dffff0| Untracked 
|  47|0x0000000705e00000, 0x0000000705fffff0, 0x0000000706000000| 99%| O|  |TAMS 0x0000000705fffff0, 0x0000000705fffff0| Untracked 
|  48|0x0000000706000000, 0x00000007061fffc8, 0x0000000706200000| 99%| O|  |TAMS 0x00000007061fffc8, 0x00000007061fffc8| Untracked 
|  49|0x0000000706200000, 0x00000007063ffcd0, 0x0000000706400000| 99%| O|  |TAMS 0x00000007063ffcd0, 0x00000007063ffcd0| Untracked 
|  50|0x0000000706400000, 0x0000000706588298, 0x0000000706600000| 76%| O|  |TAMS 0x0000000706588298, 0x0000000706588298| Untracked 
|  51|0x0000000706600000, 0x0000000706800000, 0x0000000706800000|100%| O|  |TAMS 0x0000000706800000, 0x0000000706800000| Untracked 
|  52|0x0000000706800000, 0x0000000706a00000, 0x0000000706a00000|100%| O|  |TAMS 0x0000000706a00000, 0x0000000706a00000| Untracked 
|  53|0x0000000706a00000, 0x0000000706bffff0, 0x0000000706c00000| 99%| O|  |TAMS 0x0000000706bffff0, 0x0000000706bffff0| Untracked 
|  54|0x0000000706c00000, 0x0000000706e00000, 0x0000000706e00000|100%| O|  |TAMS 0x0000000706e00000, 0x0000000706e00000| Untracked 
|  55|0x0000000706e00000, 0x0000000707000000, 0x0000000707000000|100%|HS|  |TAMS 0x0000000707000000, 0x0000000707000000| Complete 
|  56|0x0000000707000000, 0x00000007071b8980, 0x0000000707200000| 86%| O|  |TAMS 0x00000007071b8980, 0x00000007071b8980| Untracked 
|  57|0x0000000707200000, 0x00000007073fffc8, 0x0000000707400000| 99%| O|  |TAMS 0x00000007073fffc8, 0x00000007073fffc8| Untracked 
|  58|0x0000000707400000, 0x00000007075daad8, 0x0000000707600000| 92%| O|  |TAMS 0x00000007075daad8, 0x00000007075daad8| Untracked 
|  59|0x0000000707600000, 0x0000000707600000, 0x0000000707800000|  0%| F|  |TAMS 0x0000000707600000, 0x0000000707600000| Untracked 
|  60|0x0000000707800000, 0x0000000707a00000, 0x0000000707a00000|100%|HS|  |TAMS 0x0000000707a00000, 0x0000000707a00000| Complete 
|  61|0x0000000707a00000, 0x0000000707a00000, 0x0000000707c00000|  0%| F|  |TAMS 0x0000000707a00000, 0x0000000707a00000| Untracked 
|  62|0x0000000707c00000, 0x0000000707dd2380, 0x0000000707e00000| 91%| O|  |TAMS 0x0000000707dd2380, 0x0000000707dd2380| Untracked 
|  63|0x0000000707e00000, 0x0000000708000000, 0x0000000708000000|100%|HS|  |TAMS 0x0000000708000000, 0x0000000708000000| Complete 
|  64|0x0000000708000000, 0x0000000708200000, 0x0000000708200000|100%| O|  |TAMS 0x0000000708200000, 0x0000000708200000| Untracked 
|  65|0x0000000708200000, 0x0000000708400000, 0x0000000708400000|100%| O|  |TAMS 0x0000000708400000, 0x0000000708400000| Untracked 
|  66|0x0000000708400000, 0x0000000708600000, 0x0000000708600000|100%| O|  |TAMS 0x0000000708600000, 0x0000000708600000| Untracked 
|  67|0x0000000708600000, 0x00000007087ffff0, 0x0000000708800000| 99%| O|  |TAMS 0x00000007087ffff0, 0x00000007087ffff0| Untracked 
|  68|0x0000000708800000, 0x00000007089e16f8, 0x0000000708a00000| 94%| O|  |TAMS 0x00000007089e16f8, 0x00000007089e16f8| Untracked 
|  69|0x0000000708a00000, 0x0000000708c00000, 0x0000000708c00000|100%| O|  |TAMS 0x0000000708c00000, 0x0000000708c00000| Untracked 
|  70|0x0000000708c00000, 0x0000000708e00000, 0x0000000708e00000|100%| O|  |TAMS 0x0000000708e00000, 0x0000000708e00000| Untracked 
|  71|0x0000000708e00000, 0x0000000709000000, 0x0000000709000000|100%| O|  |TAMS 0x0000000709000000, 0x0000000709000000| Untracked 
|  72|0x0000000709000000, 0x0000000709200000, 0x0000000709200000|100%| O|  |TAMS 0x0000000709200000, 0x0000000709200000| Untracked 
|  73|0x0000000709200000, 0x00000007093fffd0, 0x0000000709400000| 99%| O|  |TAMS 0x00000007093fffd0, 0x00000007093fffd0| Untracked 
|  74|0x0000000709400000, 0x0000000709600000, 0x0000000709600000|100%| O|  |TAMS 0x0000000709600000, 0x0000000709600000| Untracked 
|  75|0x0000000709600000, 0x00000007097fffe0, 0x0000000709800000| 99%| O|  |TAMS 0x00000007097fffe0, 0x00000007097fffe0| Untracked 
|  76|0x0000000709800000, 0x00000007099ffff8, 0x0000000709a00000| 99%| O|  |TAMS 0x00000007099ffff8, 0x00000007099ffff8| Untracked 
|  77|0x0000000709a00000, 0x0000000709c00000, 0x0000000709c00000|100%| O|  |TAMS 0x0000000709c00000, 0x0000000709c00000| Untracked 
|  78|0x0000000709c00000, 0x0000000709e00000, 0x0000000709e00000|100%| O|  |TAMS 0x0000000709e00000, 0x0000000709e00000| Untracked 
|  79|0x0000000709e00000, 0x0000000709ff9120, 0x000000070a000000| 98%| O|  |TAMS 0x0000000709ff9120, 0x0000000709ff9120| Untracked 
|  80|0x000000070a000000, 0x000000070a200000, 0x000000070a200000|100%| O|  |TAMS 0x000000070a200000, 0x000000070a200000| Untracked 
|  81|0x000000070a200000, 0x000000070a3fffe8, 0x000000070a400000| 99%| O|  |TAMS 0x000000070a3fffe8, 0x000000070a3fffe8| Untracked 
|  82|0x000000070a400000, 0x000000070a5ffff8, 0x000000070a600000| 99%| O|  |TAMS 0x000000070a5ffff8, 0x000000070a5ffff8| Untracked 
|  83|0x000000070a600000, 0x000000070a7fffc8, 0x000000070a800000| 99%| O|  |TAMS 0x000000070a7fffc8, 0x000000070a7fffc8| Untracked 
|  84|0x000000070a800000, 0x000000070aa00000, 0x000000070aa00000|100%| O|  |TAMS 0x000000070aa00000, 0x000000070aa00000| Untracked 
|  85|0x000000070aa00000, 0x000000070ac00000, 0x000000070ac00000|100%| O|  |TAMS 0x000000070ac00000, 0x000000070ac00000| Untracked 
|  86|0x000000070ac00000, 0x000000070ae00000, 0x000000070ae00000|100%| O|  |TAMS 0x000000070ae00000, 0x000000070ae00000| Untracked 
|  87|0x000000070ae00000, 0x000000070afffff8, 0x000000070b000000| 99%| O|  |TAMS 0x000000070afffff8, 0x000000070afffff8| Untracked 
|  88|0x000000070b000000, 0x000000070b200000, 0x000000070b200000|100%|HS|  |TAMS 0x000000070b200000, 0x000000070b200000| Complete 
|  89|0x000000070b200000, 0x000000070b400000, 0x000000070b400000|100%| O|  |TAMS 0x000000070b400000, 0x000000070b400000| Untracked 
|  90|0x000000070b400000, 0x000000070b56e0d0, 0x000000070b600000| 71%| O|  |TAMS 0x000000070b56e0d0, 0x000000070b56e0d0| Untracked 
|  91|0x000000070b600000, 0x000000070b800000, 0x000000070b800000|100%| O|  |TAMS 0x000000070b800000, 0x000000070b800000| Untracked 
|  92|0x000000070b800000, 0x000000070ba00000, 0x000000070ba00000|100%| O|  |TAMS 0x000000070ba00000, 0x000000070ba00000| Untracked 
|  93|0x000000070ba00000, 0x000000070bc00000, 0x000000070bc00000|100%| O|  |TAMS 0x000000070bc00000, 0x000000070bc00000| Untracked 
|  94|0x000000070bc00000, 0x000000070bc00000, 0x000000070be00000|  0%| F|  |TAMS 0x000000070bc00000, 0x000000070bc00000| Untracked 
|  95|0x000000070be00000, 0x000000070c000000, 0x000000070c000000|100%| O|  |TAMS 0x000000070c000000, 0x000000070c000000| Untracked 
|  96|0x000000070c000000, 0x000000070c200000, 0x000000070c200000|100%| O|  |TAMS 0x000000070c200000, 0x000000070c200000| Untracked 
|  97|0x000000070c200000, 0x000000070c354da8, 0x000000070c400000| 66%| O|  |TAMS 0x000000070c354da8, 0x000000070c354da8| Untracked 
|  98|0x000000070c400000, 0x000000070c600000, 0x000000070c600000|100%| O|  |TAMS 0x000000070c600000, 0x000000070c600000| Untracked 
|  99|0x000000070c600000, 0x000000070c800000, 0x000000070c800000|100%|HS|  |TAMS 0x000000070c600000, 0x000000070c800000| Complete 
| 100|0x000000070c800000, 0x000000070ca00000, 0x000000070ca00000|100%| O|  |TAMS 0x000000070ca00000, 0x000000070ca00000| Untracked 
| 101|0x000000070ca00000, 0x000000070cc00000, 0x000000070cc00000|100%| O|  |TAMS 0x000000070cc00000, 0x000000070cc00000| Untracked 
| 102|0x000000070cc00000, 0x000000070ce00000, 0x000000070ce00000|100%| O|  |TAMS 0x000000070ce00000, 0x000000070ce00000| Untracked 
| 103|0x000000070ce00000, 0x000000070d000000, 0x000000070d000000|100%| O|  |TAMS 0x000000070d000000, 0x000000070d000000| Untracked 
| 104|0x000000070d000000, 0x000000070d200000, 0x000000070d200000|100%| O|  |TAMS 0x000000070d200000, 0x000000070d200000| Untracked 
| 105|0x000000070d200000, 0x000000070d400000, 0x000000070d400000|100%| O|  |TAMS 0x000000070d400000, 0x000000070d400000| Untracked 
| 106|0x000000070d400000, 0x000000070d600000, 0x000000070d600000|100%| O|  |TAMS 0x000000070d600000, 0x000000070d600000| Untracked 
| 107|0x000000070d600000, 0x000000070d800000, 0x000000070d800000|100%| O|  |TAMS 0x000000070d800000, 0x000000070d800000| Untracked 
| 108|0x000000070d800000, 0x000000070da00000, 0x000000070da00000|100%| O|  |TAMS 0x000000070da00000, 0x000000070da00000| Untracked 
| 109|0x000000070da00000, 0x000000070dc00000, 0x000000070dc00000|100%| O|  |TAMS 0x000000070dc00000, 0x000000070dc00000| Untracked 
| 110|0x000000070dc00000, 0x000000070de00000, 0x000000070de00000|100%| O|  |TAMS 0x000000070de00000, 0x000000070de00000| Untracked 
| 111|0x000000070de00000, 0x000000070e000000, 0x000000070e000000|100%| O|  |TAMS 0x000000070e000000, 0x000000070e000000| Untracked 
| 112|0x000000070e000000, 0x000000070e200000, 0x000000070e200000|100%| O|  |TAMS 0x000000070e200000, 0x000000070e200000| Untracked 
| 113|0x000000070e200000, 0x000000070e400000, 0x000000070e400000|100%| O|  |TAMS 0x000000070e400000, 0x000000070e400000| Untracked 
| 114|0x000000070e400000, 0x000000070e600000, 0x000000070e600000|100%| O|  |TAMS 0x000000070e600000, 0x000000070e600000| Untracked 
| 115|0x000000070e600000, 0x000000070e800000, 0x000000070e800000|100%| O|  |TAMS 0x000000070e800000, 0x000000070e800000| Untracked 
| 116|0x000000070e800000, 0x000000070e9fffe0, 0x000000070ea00000| 99%| O|  |TAMS 0x000000070e9fffe0, 0x000000070e9fffe0| Untracked 
| 117|0x000000070ea00000, 0x000000070ec00000, 0x000000070ec00000|100%| O|  |TAMS 0x000000070ec00000, 0x000000070ec00000| Untracked 
| 118|0x000000070ec00000, 0x000000070ee00000, 0x000000070ee00000|100%| O|  |TAMS 0x000000070ee00000, 0x000000070ee00000| Untracked 
| 119|0x000000070ee00000, 0x000000070f000000, 0x000000070f000000|100%| O|  |TAMS 0x000000070f000000, 0x000000070f000000| Untracked 
| 120|0x000000070f000000, 0x000000070f200000, 0x000000070f200000|100%| O|  |TAMS 0x000000070f200000, 0x000000070f200000| Untracked 
| 121|0x000000070f200000, 0x000000070f400000, 0x000000070f400000|100%| O|  |TAMS 0x000000070f400000, 0x000000070f400000| Untracked 
| 122|0x000000070f400000, 0x000000070f600000, 0x000000070f600000|100%| O|  |TAMS 0x000000070f600000, 0x000000070f600000| Untracked 
| 123|0x000000070f600000, 0x000000070f800000, 0x000000070f800000|100%| O|  |TAMS 0x000000070f800000, 0x000000070f800000| Untracked 
| 124|0x000000070f800000, 0x000000070fa00000, 0x000000070fa00000|100%| O|  |TAMS 0x000000070fa00000, 0x000000070fa00000| Untracked 
| 125|0x000000070fa00000, 0x000000070fc00000, 0x000000070fc00000|100%| O|  |TAMS 0x000000070fc00000, 0x000000070fc00000| Untracked 
| 126|0x000000070fc00000, 0x000000070fe00000, 0x000000070fe00000|100%| O|  |TAMS 0x000000070fe00000, 0x000000070fe00000| Untracked 
| 127|0x000000070fe00000, 0x0000000710000000, 0x0000000710000000|100%| O|  |TAMS 0x0000000710000000, 0x0000000710000000| Untracked 
| 128|0x0000000710000000, 0x0000000710200000, 0x0000000710200000|100%| O|  |TAMS 0x0000000710200000, 0x0000000710200000| Untracked 
| 129|0x0000000710200000, 0x0000000710400000, 0x0000000710400000|100%| O|  |TAMS 0x0000000710400000, 0x0000000710400000| Untracked 
| 130|0x0000000710400000, 0x0000000710600000, 0x0000000710600000|100%| O|  |TAMS 0x0000000710600000, 0x0000000710600000| Untracked 
| 131|0x0000000710600000, 0x0000000710800000, 0x0000000710800000|100%| O|  |TAMS 0x0000000710800000, 0x0000000710800000| Untracked 
| 132|0x0000000710800000, 0x0000000710a00000, 0x0000000710a00000|100%| O|  |TAMS 0x0000000710a00000, 0x0000000710a00000| Untracked 
| 133|0x0000000710a00000, 0x0000000710c00000, 0x0000000710c00000|100%| O|  |TAMS 0x0000000710c00000, 0x0000000710c00000| Untracked 
| 134|0x0000000710c00000, 0x0000000710e00000, 0x0000000710e00000|100%| O|  |TAMS 0x0000000710e00000, 0x0000000710e00000| Untracked 
| 135|0x0000000710e00000, 0x0000000711000000, 0x0000000711000000|100%| O|  |TAMS 0x0000000711000000, 0x0000000711000000| Untracked 
| 136|0x0000000711000000, 0x0000000711200000, 0x0000000711200000|100%| O|  |TAMS 0x0000000711200000, 0x0000000711200000| Untracked 
| 137|0x0000000711200000, 0x0000000711400000, 0x0000000711400000|100%| O|  |TAMS 0x0000000711400000, 0x0000000711400000| Untracked 
| 138|0x0000000711400000, 0x0000000711600000, 0x0000000711600000|100%| O|  |TAMS 0x0000000711600000, 0x0000000711600000| Untracked 
| 139|0x0000000711600000, 0x0000000711800000, 0x0000000711800000|100%| O|  |TAMS 0x0000000711800000, 0x0000000711800000| Untracked 
| 140|0x0000000711800000, 0x0000000711a00000, 0x0000000711a00000|100%| O|  |TAMS 0x0000000711a00000, 0x0000000711a00000| Untracked 
| 141|0x0000000711a00000, 0x0000000711c00000, 0x0000000711c00000|100%| O|  |TAMS 0x0000000711c00000, 0x0000000711c00000| Untracked 
| 142|0x0000000711c00000, 0x0000000711e00000, 0x0000000711e00000|100%| O|  |TAMS 0x0000000711e00000, 0x0000000711e00000| Untracked 
| 143|0x0000000711e00000, 0x0000000712000000, 0x0000000712000000|100%| O|  |TAMS 0x0000000712000000, 0x0000000712000000| Untracked 
| 144|0x0000000712000000, 0x0000000712200000, 0x0000000712200000|100%| O|  |TAMS 0x0000000712200000, 0x0000000712200000| Untracked 
| 145|0x0000000712200000, 0x0000000712400000, 0x0000000712400000|100%| O|  |TAMS 0x0000000712400000, 0x0000000712400000| Untracked 
| 146|0x0000000712400000, 0x0000000712600000, 0x0000000712600000|100%| O|  |TAMS 0x0000000712600000, 0x0000000712600000| Untracked 
| 147|0x0000000712600000, 0x0000000712800000, 0x0000000712800000|100%| O|  |TAMS 0x0000000712800000, 0x0000000712800000| Untracked 
| 148|0x0000000712800000, 0x0000000712a00000, 0x0000000712a00000|100%| O|  |TAMS 0x0000000712a00000, 0x0000000712a00000| Untracked 
| 149|0x0000000712a00000, 0x0000000712c00000, 0x0000000712c00000|100%| O|  |TAMS 0x0000000712c00000, 0x0000000712c00000| Untracked 
| 150|0x0000000712c00000, 0x0000000712e00000, 0x0000000712e00000|100%|HS|  |TAMS 0x0000000712e00000, 0x0000000712e00000| Complete 
| 151|0x0000000712e00000, 0x0000000713000000, 0x0000000713000000|100%|HC|  |TAMS 0x0000000713000000, 0x0000000713000000| Complete 
| 152|0x0000000713000000, 0x0000000713200000, 0x0000000713200000|100%| O|  |TAMS 0x0000000713200000, 0x0000000713200000| Untracked 
| 153|0x0000000713200000, 0x0000000713400000, 0x0000000713400000|100%| O|  |TAMS 0x0000000713400000, 0x0000000713400000| Untracked 
| 154|0x0000000713400000, 0x0000000713400000, 0x0000000713600000|  0%| F|  |TAMS 0x0000000713400000, 0x0000000713400000| Untracked 
| 155|0x0000000713600000, 0x0000000713600000, 0x0000000713800000|  0%| F|  |TAMS 0x0000000713600000, 0x0000000713600000| Untracked 
| 156|0x0000000713800000, 0x0000000713a00000, 0x0000000713a00000|100%|HS|  |TAMS 0x0000000713a00000, 0x0000000713a00000| Complete 
| 157|0x0000000713a00000, 0x0000000713c00000, 0x0000000713c00000|100%| O|  |TAMS 0x0000000713c00000, 0x0000000713c00000| Untracked 
| 158|0x0000000713c00000, 0x0000000713e00000, 0x0000000713e00000|100%| O|  |TAMS 0x0000000713e00000, 0x0000000713e00000| Untracked 
| 159|0x0000000713e00000, 0x0000000713e00000, 0x0000000714000000|  0%| F|  |TAMS 0x0000000713e00000, 0x0000000713e00000| Untracked 
| 160|0x0000000714000000, 0x0000000714200000, 0x0000000714200000|100%| O|  |TAMS 0x0000000714200000, 0x0000000714200000| Untracked 
| 161|0x0000000714200000, 0x0000000714200000, 0x0000000714400000|  0%| F|  |TAMS 0x0000000714200000, 0x0000000714200000| Untracked 
| 162|0x0000000714400000, 0x0000000714600000, 0x0000000714600000|100%| O|  |TAMS 0x0000000714600000, 0x0000000714600000| Untracked 
| 163|0x0000000714600000, 0x0000000714800000, 0x0000000714800000|100%| O|  |TAMS 0x0000000714800000, 0x0000000714800000| Untracked 
| 164|0x0000000714800000, 0x0000000714a00000, 0x0000000714a00000|100%| O|  |TAMS 0x0000000714a00000, 0x0000000714a00000| Untracked 
| 165|0x0000000714a00000, 0x0000000714c00000, 0x0000000714c00000|100%| O|  |TAMS 0x0000000714a00000, 0x0000000714c00000| Untracked 
| 166|0x0000000714c00000, 0x0000000714e00000, 0x0000000714e00000|100%| O|  |TAMS 0x0000000714e00000, 0x0000000714e00000| Untracked 
| 167|0x0000000714e00000, 0x0000000715000000, 0x0000000715000000|100%|HS|  |TAMS 0x0000000715000000, 0x0000000715000000| Complete 
| 168|0x0000000715000000, 0x0000000715200000, 0x0000000715200000|100%| O|  |TAMS 0x0000000715200000, 0x0000000715200000| Untracked 
| 169|0x0000000715200000, 0x0000000715400000, 0x0000000715400000|100%| O|  |TAMS 0x0000000715400000, 0x0000000715400000| Untracked 
| 170|0x0000000715400000, 0x0000000715600000, 0x0000000715600000|100%| O|  |TAMS 0x0000000715400000, 0x0000000715600000| Untracked 
| 171|0x0000000715600000, 0x0000000715800000, 0x0000000715800000|100%| O|  |TAMS 0x0000000715800000, 0x0000000715800000| Untracked 
| 172|0x0000000715800000, 0x0000000715a00000, 0x0000000715a00000|100%| O|  |TAMS 0x0000000715a00000, 0x0000000715a00000| Untracked 
| 173|0x0000000715a00000, 0x0000000715c00000, 0x0000000715c00000|100%| O|  |TAMS 0x0000000715c00000, 0x0000000715c00000| Untracked 
| 174|0x0000000715c00000, 0x0000000715e00000, 0x0000000715e00000|100%| O|  |TAMS 0x0000000715e00000, 0x0000000715e00000| Untracked 
| 175|0x0000000715e00000, 0x0000000716000000, 0x0000000716000000|100%| O|  |TAMS 0x0000000715e00000, 0x0000000716000000| Untracked 
| 176|0x0000000716000000, 0x0000000716200000, 0x0000000716200000|100%|HS|  |TAMS 0x0000000716200000, 0x0000000716200000| Complete 
| 177|0x0000000716200000, 0x0000000716400000, 0x0000000716400000|100%|HC|  |TAMS 0x0000000716400000, 0x0000000716400000| Complete 
| 178|0x0000000716400000, 0x0000000716600000, 0x0000000716600000|100%|HS|  |TAMS 0x0000000716600000, 0x0000000716600000| Complete 
| 179|0x0000000716600000, 0x0000000716800000, 0x0000000716800000|100%|HC|  |TAMS 0x0000000716800000, 0x0000000716800000| Complete 
| 180|0x0000000716800000, 0x0000000716a00000, 0x0000000716a00000|100%|HS|  |TAMS 0x0000000716a00000, 0x0000000716a00000| Complete 
| 181|0x0000000716a00000, 0x0000000716c00000, 0x0000000716c00000|100%|HS|  |TAMS 0x0000000716c00000, 0x0000000716c00000| Complete 
| 182|0x0000000716c00000, 0x0000000716e00000, 0x0000000716e00000|100%| O|  |TAMS 0x0000000716e00000, 0x0000000716e00000| Untracked 
| 183|0x0000000716e00000, 0x0000000717000000, 0x0000000717000000|100%| O|  |TAMS 0x0000000717000000, 0x0000000717000000| Untracked 
| 184|0x0000000717000000, 0x0000000717200000, 0x0000000717200000|100%| O|  |TAMS 0x0000000717200000, 0x0000000717200000| Untracked 
| 185|0x0000000717200000, 0x0000000717400000, 0x0000000717400000|100%| O|  |TAMS 0x0000000717400000, 0x0000000717400000| Untracked 
| 186|0x0000000717400000, 0x0000000717600000, 0x0000000717600000|100%| O|  |TAMS 0x0000000717600000, 0x0000000717600000| Untracked 
| 187|0x0000000717600000, 0x0000000717800000, 0x0000000717800000|100%| O|  |TAMS 0x0000000717800000, 0x0000000717800000| Untracked 
| 188|0x0000000717800000, 0x0000000717a00000, 0x0000000717a00000|100%| O|  |TAMS 0x0000000717a00000, 0x0000000717a00000| Untracked 
| 189|0x0000000717a00000, 0x0000000717c00000, 0x0000000717c00000|100%| O|  |TAMS 0x0000000717c00000, 0x0000000717c00000| Untracked 
| 190|0x0000000717c00000, 0x0000000717e00000, 0x0000000717e00000|100%| O|  |TAMS 0x0000000717e00000, 0x0000000717e00000| Untracked 
| 191|0x0000000717e00000, 0x0000000718000000, 0x0000000718000000|100%| O|  |TAMS 0x0000000717e00000, 0x0000000718000000| Untracked 
| 192|0x0000000718000000, 0x0000000718200000, 0x0000000718200000|100%| O|  |TAMS 0x0000000718200000, 0x0000000718200000| Untracked 
| 193|0x0000000718200000, 0x0000000718400000, 0x0000000718400000|100%| O|  |TAMS 0x0000000718400000, 0x0000000718400000| Untracked 
| 194|0x0000000718400000, 0x0000000718400000, 0x0000000718600000|  0%| F|  |TAMS 0x0000000718400000, 0x0000000718400000| Untracked 
| 195|0x0000000718600000, 0x0000000718800000, 0x0000000718800000|100%|HS|  |TAMS 0x0000000718800000, 0x0000000718800000| Complete 
| 196|0x0000000718800000, 0x0000000718a00000, 0x0000000718a00000|100%| O|  |TAMS 0x0000000718a00000, 0x0000000718a00000| Untracked 
| 197|0x0000000718a00000, 0x0000000718c00000, 0x0000000718c00000|100%| O|  |TAMS 0x0000000718c00000, 0x0000000718c00000| Untracked 
| 198|0x0000000718c00000, 0x0000000718e00000, 0x0000000718e00000|100%| O|  |TAMS 0x0000000718e00000, 0x0000000718e00000| Untracked 
| 199|0x0000000718e00000, 0x0000000719000000, 0x0000000719000000|100%| O|  |TAMS 0x0000000719000000, 0x0000000719000000| Untracked 
| 200|0x0000000719000000, 0x0000000719200000, 0x0000000719200000|100%| O|  |TAMS 0x0000000719200000, 0x0000000719200000| Untracked 
| 201|0x0000000719200000, 0x0000000719400000, 0x0000000719400000|100%| O|  |TAMS 0x0000000719400000, 0x0000000719400000| Untracked 
| 202|0x0000000719400000, 0x0000000719600000, 0x0000000719600000|100%| O|  |TAMS 0x0000000719600000, 0x0000000719600000| Untracked 
| 203|0x0000000719600000, 0x0000000719600000, 0x0000000719800000|  0%| F|  |TAMS 0x0000000719600000, 0x0000000719600000| Untracked 
| 204|0x0000000719800000, 0x0000000719a00000, 0x0000000719a00000|100%| O|  |TAMS 0x0000000719a00000, 0x0000000719a00000| Untracked 
| 205|0x0000000719a00000, 0x0000000719c00000, 0x0000000719c00000|100%| O|  |TAMS 0x0000000719c00000, 0x0000000719c00000| Untracked 
| 206|0x0000000719c00000, 0x0000000719e00000, 0x0000000719e00000|100%| O|  |TAMS 0x0000000719e00000, 0x0000000719e00000| Untracked 
| 207|0x0000000719e00000, 0x000000071a000000, 0x000000071a000000|100%| O|  |TAMS 0x000000071a000000, 0x000000071a000000| Untracked 
| 208|0x000000071a000000, 0x000000071a200000, 0x000000071a200000|100%| O|  |TAMS 0x000000071a200000, 0x000000071a200000| Untracked 
| 209|0x000000071a200000, 0x000000071a400000, 0x000000071a400000|100%| O|  |TAMS 0x000000071a400000, 0x000000071a400000| Untracked 
| 210|0x000000071a400000, 0x000000071a600000, 0x000000071a600000|100%| O|  |TAMS 0x000000071a600000, 0x000000071a600000| Untracked 
| 211|0x000000071a600000, 0x000000071a800000, 0x000000071a800000|100%|HS|  |TAMS 0x000000071a800000, 0x000000071a800000| Complete 
| 212|0x000000071a800000, 0x000000071aa00000, 0x000000071aa00000|100%|HS|  |TAMS 0x000000071aa00000, 0x000000071aa00000| Complete 
| 213|0x000000071aa00000, 0x000000071ac00000, 0x000000071ac00000|100%| O|  |TAMS 0x000000071ac00000, 0x000000071ac00000| Untracked 
| 214|0x000000071ac00000, 0x000000071ae00000, 0x000000071ae00000|100%| O|  |TAMS 0x000000071ae00000, 0x000000071ae00000| Untracked 
| 215|0x000000071ae00000, 0x000000071b000000, 0x000000071b000000|100%| O|  |TAMS 0x000000071b000000, 0x000000071b000000| Untracked 
| 216|0x000000071b000000, 0x000000071b200000, 0x000000071b200000|100%| O|  |TAMS 0x000000071b200000, 0x000000071b200000| Untracked 
| 217|0x000000071b200000, 0x000000071b400000, 0x000000071b400000|100%| O|  |TAMS 0x000000071b400000, 0x000000071b400000| Untracked 
| 218|0x000000071b400000, 0x000000071b600000, 0x000000071b600000|100%| O|  |TAMS 0x000000071b600000, 0x000000071b600000| Untracked 
| 219|0x000000071b600000, 0x000000071b800000, 0x000000071b800000|100%| O|  |TAMS 0x000000071b800000, 0x000000071b800000| Untracked 
| 220|0x000000071b800000, 0x000000071ba00000, 0x000000071ba00000|100%| O|  |TAMS 0x000000071ba00000, 0x000000071ba00000| Untracked 
| 221|0x000000071ba00000, 0x000000071bc00000, 0x000000071bc00000|100%| O|  |TAMS 0x000000071bc00000, 0x000000071bc00000| Untracked 
| 222|0x000000071bc00000, 0x000000071be00000, 0x000000071be00000|100%| O|  |TAMS 0x000000071be00000, 0x000000071be00000| Untracked 
| 223|0x000000071be00000, 0x000000071c000000, 0x000000071c000000|100%| O|  |TAMS 0x000000071c000000, 0x000000071c000000| Untracked 
| 224|0x000000071c000000, 0x000000071c200000, 0x000000071c200000|100%| O|  |TAMS 0x000000071c200000, 0x000000071c200000| Untracked 
| 225|0x000000071c200000, 0x000000071c400000, 0x000000071c400000|100%| O|  |TAMS 0x000000071c400000, 0x000000071c400000| Untracked 
| 226|0x000000071c400000, 0x000000071c600000, 0x000000071c600000|100%| O|  |TAMS 0x000000071c600000, 0x000000071c600000| Untracked 
| 227|0x000000071c600000, 0x000000071c800000, 0x000000071c800000|100%| O|  |TAMS 0x000000071c800000, 0x000000071c800000| Untracked 
| 228|0x000000071c800000, 0x000000071ca00000, 0x000000071ca00000|100%| O|  |TAMS 0x000000071ca00000, 0x000000071ca00000| Untracked 
| 229|0x000000071ca00000, 0x000000071cc00000, 0x000000071cc00000|100%| O|  |TAMS 0x000000071cc00000, 0x000000071cc00000| Untracked 
| 230|0x000000071cc00000, 0x000000071ce00000, 0x000000071ce00000|100%| O|  |TAMS 0x000000071ce00000, 0x000000071ce00000| Untracked 
| 231|0x000000071ce00000, 0x000000071d000000, 0x000000071d000000|100%| O|  |TAMS 0x000000071d000000, 0x000000071d000000| Untracked 
| 232|0x000000071d000000, 0x000000071d200000, 0x000000071d200000|100%| O|  |TAMS 0x000000071d200000, 0x000000071d200000| Untracked 
| 233|0x000000071d200000, 0x000000071d400000, 0x000000071d400000|100%| O|  |TAMS 0x000000071d400000, 0x000000071d400000| Untracked 
| 234|0x000000071d400000, 0x000000071d600000, 0x000000071d600000|100%| O|  |TAMS 0x000000071d600000, 0x000000071d600000| Untracked 
| 235|0x000000071d600000, 0x000000071d800000, 0x000000071d800000|100%| O|  |TAMS 0x000000071d800000, 0x000000071d800000| Untracked 
| 236|0x000000071d800000, 0x000000071da00000, 0x000000071da00000|100%| O|  |TAMS 0x000000071da00000, 0x000000071da00000| Untracked 
| 237|0x000000071da00000, 0x000000071dc00000, 0x000000071dc00000|100%| O|  |TAMS 0x000000071dc00000, 0x000000071dc00000| Untracked 
| 238|0x000000071dc00000, 0x000000071de00000, 0x000000071de00000|100%| O|  |TAMS 0x000000071de00000, 0x000000071de00000| Untracked 
| 239|0x000000071de00000, 0x000000071e000000, 0x000000071e000000|100%| O|  |TAMS 0x000000071e000000, 0x000000071e000000| Untracked 
| 240|0x000000071e000000, 0x000000071e000000, 0x000000071e200000|  0%| F|  |TAMS 0x000000071e000000, 0x000000071e000000| Untracked 
| 241|0x000000071e200000, 0x000000071e200000, 0x000000071e400000|  0%| F|  |TAMS 0x000000071e200000, 0x000000071e200000| Untracked 
| 242|0x000000071e400000, 0x000000071e600000, 0x000000071e600000|100%| O|  |TAMS 0x000000071e600000, 0x000000071e600000| Untracked 
| 243|0x000000071e600000, 0x000000071e800000, 0x000000071e800000|100%| O|  |TAMS 0x000000071e800000, 0x000000071e800000| Untracked 
| 244|0x000000071e800000, 0x000000071ea00000, 0x000000071ea00000|100%| O|  |TAMS 0x000000071ea00000, 0x000000071ea00000| Untracked 
| 245|0x000000071ea00000, 0x000000071ec00000, 0x000000071ec00000|100%| O|  |TAMS 0x000000071ec00000, 0x000000071ec00000| Untracked 
| 246|0x000000071ec00000, 0x000000071ec00000, 0x000000071ee00000|  0%| F|  |TAMS 0x000000071ec00000, 0x000000071ec00000| Untracked 
| 247|0x000000071ee00000, 0x000000071f000000, 0x000000071f000000|100%| O|  |TAMS 0x000000071f000000, 0x000000071f000000| Untracked 
| 248|0x000000071f000000, 0x000000071f200000, 0x000000071f200000|100%| O|  |TAMS 0x000000071f200000, 0x000000071f200000| Untracked 
| 249|0x000000071f200000, 0x000000071f200000, 0x000000071f400000|  0%| F|  |TAMS 0x000000071f200000, 0x000000071f200000| Untracked 
| 250|0x000000071f400000, 0x000000071f400000, 0x000000071f600000|  0%| F|  |TAMS 0x000000071f400000, 0x000000071f400000| Untracked 
| 251|0x000000071f600000, 0x000000071f800000, 0x000000071f800000|100%| O|  |TAMS 0x000000071f600000, 0x000000071f800000| Untracked 
| 252|0x000000071f800000, 0x000000071fa00000, 0x000000071fa00000|100%| O|  |TAMS 0x000000071f800000, 0x000000071fa00000| Untracked 
| 253|0x000000071fa00000, 0x000000071fc00000, 0x000000071fc00000|100%| O|  |TAMS 0x000000071fa00000, 0x000000071fc00000| Untracked 
| 254|0x000000071fc00000, 0x000000071fe00000, 0x000000071fe00000|100%| O|  |TAMS 0x000000071fc00000, 0x000000071fe00000| Untracked 
| 255|0x000000071fe00000, 0x000000071fe00000, 0x0000000720000000|  0%| F|  |TAMS 0x000000071fe00000, 0x000000071fe00000| Untracked 
| 256|0x0000000720000000, 0x0000000720000000, 0x0000000720200000|  0%| F|  |TAMS 0x0000000720000000, 0x0000000720000000| Untracked 
| 257|0x0000000720200000, 0x0000000720200000, 0x0000000720400000|  0%| F|  |TAMS 0x0000000720200000, 0x0000000720200000| Untracked 
| 258|0x0000000720400000, 0x0000000720400000, 0x0000000720600000|  0%| F|  |TAMS 0x0000000720400000, 0x0000000720400000| Untracked 
| 259|0x0000000720600000, 0x0000000720600000, 0x0000000720800000|  0%| F|  |TAMS 0x0000000720600000, 0x0000000720600000| Untracked 
| 260|0x0000000720800000, 0x0000000720a00000, 0x0000000720a00000|100%| O|  |TAMS 0x0000000720800000, 0x0000000720a00000| Untracked 
| 261|0x0000000720a00000, 0x0000000720c00000, 0x0000000720c00000|100%| O|  |TAMS 0x0000000720a00000, 0x0000000720c00000| Untracked 
| 262|0x0000000720c00000, 0x0000000720e00000, 0x0000000720e00000|100%| O|  |TAMS 0x0000000720c00000, 0x0000000720e00000| Untracked 
| 263|0x0000000720e00000, 0x0000000721000000, 0x0000000721000000|100%| O|  |TAMS 0x0000000720e00000, 0x0000000721000000| Untracked 
| 264|0x0000000721000000, 0x0000000721200000, 0x0000000721200000|100%| O|  |TAMS 0x0000000721200000, 0x0000000721200000| Untracked 
| 265|0x0000000721200000, 0x0000000721400000, 0x0000000721400000|100%| O|  |TAMS 0x0000000721400000, 0x0000000721400000| Untracked 
| 266|0x0000000721400000, 0x0000000721600000, 0x0000000721600000|100%| O|  |TAMS 0x0000000721600000, 0x0000000721600000| Untracked 
| 267|0x0000000721600000, 0x0000000721600000, 0x0000000721800000|  0%| F|  |TAMS 0x0000000721600000, 0x0000000721600000| Untracked 
| 268|0x0000000721800000, 0x0000000721a00000, 0x0000000721a00000|100%| O|  |TAMS 0x0000000721a00000, 0x0000000721a00000| Untracked 
| 269|0x0000000721a00000, 0x0000000721c00000, 0x0000000721c00000|100%| O|  |TAMS 0x0000000721c00000, 0x0000000721c00000| Untracked 
| 270|0x0000000721c00000, 0x0000000721e00000, 0x0000000721e00000|100%| O|  |TAMS 0x0000000721e00000, 0x0000000721e00000| Untracked 
| 271|0x0000000721e00000, 0x0000000721e00000, 0x0000000722000000|  0%| F|  |TAMS 0x0000000721e00000, 0x0000000721e00000| Untracked 
| 272|0x0000000722000000, 0x0000000722200000, 0x0000000722200000|100%| O|  |TAMS 0x0000000722200000, 0x0000000722200000| Untracked 
| 273|0x0000000722200000, 0x0000000722400000, 0x0000000722400000|100%| O|  |TAMS 0x0000000722400000, 0x0000000722400000| Untracked 
| 274|0x0000000722400000, 0x0000000722600000, 0x0000000722600000|100%| O|  |TAMS 0x0000000722600000, 0x0000000722600000| Untracked 
| 275|0x0000000722600000, 0x0000000722800000, 0x0000000722800000|100%| O|  |TAMS 0x0000000722800000, 0x0000000722800000| Untracked 
| 276|0x0000000722800000, 0x0000000722a00000, 0x0000000722a00000|100%| O|  |TAMS 0x0000000722a00000, 0x0000000722a00000| Untracked 
| 277|0x0000000722a00000, 0x0000000722c00000, 0x0000000722c00000|100%| O|  |TAMS 0x0000000722c00000, 0x0000000722c00000| Untracked 
| 278|0x0000000722c00000, 0x0000000722e00000, 0x0000000722e00000|100%| O|  |TAMS 0x0000000722e00000, 0x0000000722e00000| Untracked 
| 279|0x0000000722e00000, 0x0000000723000000, 0x0000000723000000|100%| O|  |TAMS 0x0000000723000000, 0x0000000723000000| Untracked 
| 280|0x0000000723000000, 0x0000000723200000, 0x0000000723200000|100%| O|  |TAMS 0x0000000723200000, 0x0000000723200000| Untracked 
| 281|0x0000000723200000, 0x0000000723400000, 0x0000000723400000|100%| O|  |TAMS 0x0000000723400000, 0x0000000723400000| Untracked 
| 282|0x0000000723400000, 0x0000000723400000, 0x0000000723600000|  0%| F|  |TAMS 0x0000000723400000, 0x0000000723400000| Untracked 
| 283|0x0000000723600000, 0x0000000723800000, 0x0000000723800000|100%| O|  |TAMS 0x0000000723800000, 0x0000000723800000| Untracked 
| 284|0x0000000723800000, 0x0000000723800000, 0x0000000723a00000|  0%| F|  |TAMS 0x0000000723800000, 0x0000000723800000| Untracked 
| 285|0x0000000723a00000, 0x0000000723c00000, 0x0000000723c00000|100%| O|  |TAMS 0x0000000723c00000, 0x0000000723c00000| Untracked 
| 286|0x0000000723c00000, 0x0000000723e00000, 0x0000000723e00000|100%| O|  |TAMS 0x0000000723e00000, 0x0000000723e00000| Untracked 
| 287|0x0000000723e00000, 0x0000000724000000, 0x0000000724000000|100%| O|  |TAMS 0x0000000724000000, 0x0000000724000000| Untracked 
| 288|0x0000000724000000, 0x0000000724000000, 0x0000000724200000|  0%| F|  |TAMS 0x0000000724000000, 0x0000000724000000| Untracked 
| 289|0x0000000724200000, 0x0000000724400000, 0x0000000724400000|100%| O|  |TAMS 0x0000000724200000, 0x0000000724400000| Untracked 
| 290|0x0000000724400000, 0x0000000724600000, 0x0000000724600000|100%| O|  |TAMS 0x0000000724400000, 0x0000000724600000| Untracked 
| 291|0x0000000724600000, 0x0000000724800000, 0x0000000724800000|100%| O|  |TAMS 0x0000000724600000, 0x0000000724800000| Untracked 
| 292|0x0000000724800000, 0x0000000724a00000, 0x0000000724a00000|100%| O|  |TAMS 0x0000000724800000, 0x0000000724a00000| Untracked 
| 293|0x0000000724a00000, 0x0000000724c00000, 0x0000000724c00000|100%| O|  |TAMS 0x0000000724a00000, 0x0000000724c00000| Untracked 
| 294|0x0000000724c00000, 0x0000000724e00000, 0x0000000724e00000|100%| O|  |TAMS 0x0000000724c00000, 0x0000000724e00000| Untracked 
| 295|0x0000000724e00000, 0x0000000725000000, 0x0000000725000000|100%| O|  |TAMS 0x0000000724e00000, 0x0000000725000000| Untracked 
| 296|0x0000000725000000, 0x0000000725200000, 0x0000000725200000|100%| O|  |TAMS 0x0000000725000000, 0x0000000725200000| Untracked 
| 297|0x0000000725200000, 0x0000000725400000, 0x0000000725400000|100%| O|  |TAMS 0x0000000725400000, 0x0000000725400000| Untracked 
| 298|0x0000000725400000, 0x0000000725600000, 0x0000000725600000|100%| O|  |TAMS 0x0000000725600000, 0x0000000725600000| Untracked 
| 299|0x0000000725600000, 0x0000000725800000, 0x0000000725800000|100%| O|  |TAMS 0x0000000725800000, 0x0000000725800000| Untracked 
| 300|0x0000000725800000, 0x0000000725a00000, 0x0000000725a00000|100%| O|  |TAMS 0x0000000725a00000, 0x0000000725a00000| Untracked 
| 301|0x0000000725a00000, 0x0000000725c00000, 0x0000000725c00000|100%| O|  |TAMS 0x0000000725c00000, 0x0000000725c00000| Untracked 
| 302|0x0000000725c00000, 0x0000000725e00000, 0x0000000725e00000|100%| O|  |TAMS 0x0000000725e00000, 0x0000000725e00000| Untracked 
| 303|0x0000000725e00000, 0x0000000726000000, 0x0000000726000000|100%| O|  |TAMS 0x0000000726000000, 0x0000000726000000| Untracked 
| 304|0x0000000726000000, 0x0000000726200000, 0x0000000726200000|100%| O|  |TAMS 0x0000000726200000, 0x0000000726200000| Untracked 
| 305|0x0000000726200000, 0x0000000726400000, 0x0000000726400000|100%| O|  |TAMS 0x0000000726400000, 0x0000000726400000| Untracked 
| 306|0x0000000726400000, 0x0000000726600000, 0x0000000726600000|100%| O|  |TAMS 0x0000000726600000, 0x0000000726600000| Untracked 
| 307|0x0000000726600000, 0x0000000726800000, 0x0000000726800000|100%| O|  |TAMS 0x0000000726800000, 0x0000000726800000| Untracked 
| 308|0x0000000726800000, 0x0000000726a00000, 0x0000000726a00000|100%| O|  |TAMS 0x0000000726a00000, 0x0000000726a00000| Untracked 
| 309|0x0000000726a00000, 0x0000000726c00000, 0x0000000726c00000|100%| O|  |TAMS 0x0000000726c00000, 0x0000000726c00000| Untracked 
| 310|0x0000000726c00000, 0x0000000726e00000, 0x0000000726e00000|100%| O|  |TAMS 0x0000000726e00000, 0x0000000726e00000| Untracked 
| 311|0x0000000726e00000, 0x0000000727000000, 0x0000000727000000|100%| O|  |TAMS 0x0000000727000000, 0x0000000727000000| Untracked 
| 312|0x0000000727000000, 0x0000000727200000, 0x0000000727200000|100%| O|  |TAMS 0x0000000727200000, 0x0000000727200000| Untracked 
| 313|0x0000000727200000, 0x0000000727400000, 0x0000000727400000|100%| O|  |TAMS 0x0000000727400000, 0x0000000727400000| Untracked 
| 314|0x0000000727400000, 0x0000000727600000, 0x0000000727600000|100%| O|  |TAMS 0x0000000727600000, 0x0000000727600000| Untracked 
| 315|0x0000000727600000, 0x0000000727800000, 0x0000000727800000|100%| O|  |TAMS 0x0000000727800000, 0x0000000727800000| Untracked 
| 316|0x0000000727800000, 0x0000000727a00000, 0x0000000727a00000|100%| O|  |TAMS 0x0000000727a00000, 0x0000000727a00000| Untracked 
| 317|0x0000000727a00000, 0x0000000727c00000, 0x0000000727c00000|100%| O|  |TAMS 0x0000000727c00000, 0x0000000727c00000| Untracked 
| 318|0x0000000727c00000, 0x0000000727e00000, 0x0000000727e00000|100%| O|  |TAMS 0x0000000727e00000, 0x0000000727e00000| Untracked 
| 319|0x0000000727e00000, 0x0000000728000000, 0x0000000728000000|100%| O|  |TAMS 0x0000000728000000, 0x0000000728000000| Untracked 
| 320|0x0000000728000000, 0x0000000728200000, 0x0000000728200000|100%| O|  |TAMS 0x0000000728200000, 0x0000000728200000| Untracked 
| 321|0x0000000728200000, 0x0000000728400000, 0x0000000728400000|100%| O|  |TAMS 0x0000000728400000, 0x0000000728400000| Untracked 
| 322|0x0000000728400000, 0x0000000728600000, 0x0000000728600000|100%| O|  |TAMS 0x0000000728600000, 0x0000000728600000| Untracked 
| 323|0x0000000728600000, 0x0000000728800000, 0x0000000728800000|100%| O|  |TAMS 0x0000000728800000, 0x0000000728800000| Untracked 
| 324|0x0000000728800000, 0x0000000728a00000, 0x0000000728a00000|100%| O|  |TAMS 0x0000000728a00000, 0x0000000728a00000| Untracked 
| 325|0x0000000728a00000, 0x0000000728c00000, 0x0000000728c00000|100%| O|  |TAMS 0x0000000728a00000, 0x0000000728c00000| Untracked 
| 326|0x0000000728c00000, 0x0000000728e00000, 0x0000000728e00000|100%| O|  |TAMS 0x0000000728c00000, 0x0000000728e00000| Untracked 
| 327|0x0000000728e00000, 0x0000000729000000, 0x0000000729000000|100%| O|  |TAMS 0x0000000728e00000, 0x0000000729000000| Untracked 
| 328|0x0000000729000000, 0x0000000729200000, 0x0000000729200000|100%| O|  |TAMS 0x0000000729000000, 0x0000000729200000| Untracked 
| 329|0x0000000729200000, 0x0000000729400000, 0x0000000729400000|100%| O|  |TAMS 0x0000000729200000, 0x0000000729400000| Untracked 
| 330|0x0000000729400000, 0x0000000729600000, 0x0000000729600000|100%| O|  |TAMS 0x0000000729400000, 0x0000000729600000| Untracked 
| 331|0x0000000729600000, 0x0000000729800000, 0x0000000729800000|100%| O|  |TAMS 0x0000000729600000, 0x0000000729800000| Untracked 
| 332|0x0000000729800000, 0x0000000729962600, 0x0000000729a00000| 69%| O|  |TAMS 0x0000000729800000, 0x0000000729962600| Untracked 
| 333|0x0000000729a00000, 0x0000000729a00000, 0x0000000729c00000|  0%| F|  |TAMS 0x0000000729a00000, 0x0000000729a00000| Untracked 
| 334|0x0000000729c00000, 0x0000000729c00000, 0x0000000729e00000|  0%| F|  |TAMS 0x0000000729c00000, 0x0000000729c00000| Untracked 
| 335|0x0000000729e00000, 0x0000000729e00000, 0x000000072a000000|  0%| F|  |TAMS 0x0000000729e00000, 0x0000000729e00000| Untracked 
| 336|0x000000072a000000, 0x000000072a000000, 0x000000072a200000|  0%| F|  |TAMS 0x000000072a000000, 0x000000072a000000| Untracked 
| 337|0x000000072a200000, 0x000000072a200000, 0x000000072a400000|  0%| F|  |TAMS 0x000000072a200000, 0x000000072a200000| Untracked 
| 338|0x000000072a400000, 0x000000072a400000, 0x000000072a600000|  0%| F|  |TAMS 0x000000072a400000, 0x000000072a400000| Untracked 
| 339|0x000000072a600000, 0x000000072a600000, 0x000000072a800000|  0%| F|  |TAMS 0x000000072a600000, 0x000000072a600000| Untracked 
| 340|0x000000072a800000, 0x000000072a800000, 0x000000072aa00000|  0%| F|  |TAMS 0x000000072a800000, 0x000000072a800000| Untracked 
| 341|0x000000072aa00000, 0x000000072aa00000, 0x000000072ac00000|  0%| F|  |TAMS 0x000000072aa00000, 0x000000072aa00000| Untracked 
| 342|0x000000072ac00000, 0x000000072ac00000, 0x000000072ae00000|  0%| F|  |TAMS 0x000000072ac00000, 0x000000072ac00000| Untracked 
| 343|0x000000072ae00000, 0x000000072ae00000, 0x000000072b000000|  0%| F|  |TAMS 0x000000072ae00000, 0x000000072ae00000| Untracked 
| 344|0x000000072b000000, 0x000000072b000000, 0x000000072b200000|  0%| F|  |TAMS 0x000000072b000000, 0x000000072b000000| Untracked 
| 345|0x000000072b200000, 0x000000072b200000, 0x000000072b400000|  0%| F|  |TAMS 0x000000072b200000, 0x000000072b200000| Untracked 
| 346|0x000000072b400000, 0x000000072b400000, 0x000000072b600000|  0%| F|  |TAMS 0x000000072b400000, 0x000000072b400000| Untracked 
| 347|0x000000072b600000, 0x000000072b600000, 0x000000072b800000|  0%| F|  |TAMS 0x000000072b600000, 0x000000072b600000| Untracked 
| 348|0x000000072b800000, 0x000000072b800000, 0x000000072ba00000|  0%| F|  |TAMS 0x000000072b800000, 0x000000072b800000| Untracked 
| 349|0x000000072ba00000, 0x000000072ba00000, 0x000000072bc00000|  0%| F|  |TAMS 0x000000072ba00000, 0x000000072ba00000| Untracked 
| 350|0x000000072bc00000, 0x000000072bc00000, 0x000000072be00000|  0%| F|  |TAMS 0x000000072bc00000, 0x000000072bc00000| Untracked 
| 351|0x000000072be00000, 0x000000072be00000, 0x000000072c000000|  0%| F|  |TAMS 0x000000072be00000, 0x000000072be00000| Untracked 
| 352|0x000000072c000000, 0x000000072c000000, 0x000000072c200000|  0%| F|  |TAMS 0x000000072c000000, 0x000000072c000000| Untracked 
| 353|0x000000072c200000, 0x000000072c200000, 0x000000072c400000|  0%| F|  |TAMS 0x000000072c200000, 0x000000072c200000| Untracked 
| 354|0x000000072c400000, 0x000000072c400000, 0x000000072c600000|  0%| F|  |TAMS 0x000000072c400000, 0x000000072c400000| Untracked 
| 355|0x000000072c600000, 0x000000072c600000, 0x000000072c800000|  0%| F|  |TAMS 0x000000072c600000, 0x000000072c600000| Untracked 
| 356|0x000000072c800000, 0x000000072c800000, 0x000000072ca00000|  0%| F|  |TAMS 0x000000072c800000, 0x000000072c800000| Untracked 
| 357|0x000000072ca00000, 0x000000072ca00000, 0x000000072cc00000|  0%| F|  |TAMS 0x000000072ca00000, 0x000000072ca00000| Untracked 
| 358|0x000000072cc00000, 0x000000072cc00000, 0x000000072ce00000|  0%| F|  |TAMS 0x000000072cc00000, 0x000000072cc00000| Untracked 
| 359|0x000000072ce00000, 0x000000072ce00000, 0x000000072d000000|  0%| F|  |TAMS 0x000000072ce00000, 0x000000072ce00000| Untracked 
| 360|0x000000072d000000, 0x000000072d000000, 0x000000072d200000|  0%| F|  |TAMS 0x000000072d000000, 0x000000072d000000| Untracked 
| 361|0x000000072d200000, 0x000000072d200000, 0x000000072d400000|  0%| F|  |TAMS 0x000000072d200000, 0x000000072d200000| Untracked 
| 362|0x000000072d400000, 0x000000072d400000, 0x000000072d600000|  0%| F|  |TAMS 0x000000072d400000, 0x000000072d400000| Untracked 
| 363|0x000000072d600000, 0x000000072d600000, 0x000000072d800000|  0%| F|  |TAMS 0x000000072d600000, 0x000000072d600000| Untracked 
| 364|0x000000072d800000, 0x000000072d800000, 0x000000072da00000|  0%| F|  |TAMS 0x000000072d800000, 0x000000072d800000| Untracked 
| 365|0x000000072da00000, 0x000000072da00000, 0x000000072dc00000|  0%| F|  |TAMS 0x000000072da00000, 0x000000072da00000| Untracked 
| 366|0x000000072dc00000, 0x000000072dc00000, 0x000000072de00000|  0%| F|  |TAMS 0x000000072dc00000, 0x000000072dc00000| Untracked 
| 367|0x000000072de00000, 0x000000072de00000, 0x000000072e000000|  0%| F|  |TAMS 0x000000072de00000, 0x000000072de00000| Untracked 
| 368|0x000000072e000000, 0x000000072e000000, 0x000000072e200000|  0%| F|  |TAMS 0x000000072e000000, 0x000000072e000000| Untracked 
| 369|0x000000072e200000, 0x000000072e200000, 0x000000072e400000|  0%| F|  |TAMS 0x000000072e200000, 0x000000072e200000| Untracked 
| 370|0x000000072e400000, 0x000000072e400000, 0x000000072e600000|  0%| F|  |TAMS 0x000000072e400000, 0x000000072e400000| Untracked 
| 371|0x000000072e600000, 0x000000072e600000, 0x000000072e800000|  0%| F|  |TAMS 0x000000072e600000, 0x000000072e600000| Untracked 
| 372|0x000000072e800000, 0x000000072e800000, 0x000000072ea00000|  0%| F|  |TAMS 0x000000072e800000, 0x000000072e800000| Untracked 
| 373|0x000000072ea00000, 0x000000072ea00000, 0x000000072ec00000|  0%| F|  |TAMS 0x000000072ea00000, 0x000000072ea00000| Untracked 
| 374|0x000000072ec00000, 0x000000072ec00000, 0x000000072ee00000|  0%| F|  |TAMS 0x000000072ec00000, 0x000000072ec00000| Untracked 
| 375|0x000000072ee00000, 0x000000072ee00000, 0x000000072f000000|  0%| F|  |TAMS 0x000000072ee00000, 0x000000072ee00000| Untracked 
| 376|0x000000072f000000, 0x000000072f000000, 0x000000072f200000|  0%| F|  |TAMS 0x000000072f000000, 0x000000072f000000| Untracked 
| 377|0x000000072f200000, 0x000000072f200000, 0x000000072f400000|  0%| F|  |TAMS 0x000000072f200000, 0x000000072f200000| Untracked 
| 378|0x000000072f400000, 0x000000072f400000, 0x000000072f600000|  0%| F|  |TAMS 0x000000072f400000, 0x000000072f400000| Untracked 
| 379|0x000000072f600000, 0x000000072f600000, 0x000000072f800000|  0%| F|  |TAMS 0x000000072f600000, 0x000000072f600000| Untracked 
| 380|0x000000072f800000, 0x000000072f800000, 0x000000072fa00000|  0%| F|  |TAMS 0x000000072f800000, 0x000000072f800000| Untracked 
| 381|0x000000072fa00000, 0x000000072fa00000, 0x000000072fc00000|  0%| F|  |TAMS 0x000000072fa00000, 0x000000072fa00000| Untracked 
| 382|0x000000072fc00000, 0x000000072fc00000, 0x000000072fe00000|  0%| F|  |TAMS 0x000000072fc00000, 0x000000072fc00000| Untracked 
| 383|0x000000072fe00000, 0x000000072fe00000, 0x0000000730000000|  0%| F|  |TAMS 0x000000072fe00000, 0x000000072fe00000| Untracked 
| 384|0x0000000730000000, 0x0000000730000000, 0x0000000730200000|  0%| F|  |TAMS 0x0000000730000000, 0x0000000730000000| Untracked 
| 385|0x0000000730200000, 0x0000000730200000, 0x0000000730400000|  0%| F|  |TAMS 0x0000000730200000, 0x0000000730200000| Untracked 
| 386|0x0000000730400000, 0x0000000730400000, 0x0000000730600000|  0%| F|  |TAMS 0x0000000730400000, 0x0000000730400000| Untracked 
| 387|0x0000000730600000, 0x0000000730600000, 0x0000000730800000|  0%| F|  |TAMS 0x0000000730600000, 0x0000000730600000| Untracked 
| 388|0x0000000730800000, 0x0000000730800000, 0x0000000730a00000|  0%| F|  |TAMS 0x0000000730800000, 0x0000000730800000| Untracked 
| 389|0x0000000730a00000, 0x0000000730a00000, 0x0000000730c00000|  0%| F|  |TAMS 0x0000000730a00000, 0x0000000730a00000| Untracked 
| 390|0x0000000730c00000, 0x0000000730c00000, 0x0000000730e00000|  0%| F|  |TAMS 0x0000000730c00000, 0x0000000730c00000| Untracked 
| 391|0x0000000730e00000, 0x0000000730e00000, 0x0000000731000000|  0%| F|  |TAMS 0x0000000730e00000, 0x0000000730e00000| Untracked 
| 392|0x0000000731000000, 0x0000000731000000, 0x0000000731200000|  0%| F|  |TAMS 0x0000000731000000, 0x0000000731000000| Untracked 
| 393|0x0000000731200000, 0x0000000731200000, 0x0000000731400000|  0%| F|  |TAMS 0x0000000731200000, 0x0000000731200000| Untracked 
| 394|0x0000000731400000, 0x0000000731400000, 0x0000000731600000|  0%| F|  |TAMS 0x0000000731400000, 0x0000000731400000| Untracked 
| 395|0x0000000731600000, 0x0000000731600000, 0x0000000731800000|  0%| F|  |TAMS 0x0000000731600000, 0x0000000731600000| Untracked 
| 396|0x0000000731800000, 0x0000000731800000, 0x0000000731a00000|  0%| F|  |TAMS 0x0000000731800000, 0x0000000731800000| Untracked 
| 397|0x0000000731a00000, 0x0000000731a00000, 0x0000000731c00000|  0%| F|  |TAMS 0x0000000731a00000, 0x0000000731a00000| Untracked 
| 398|0x0000000731c00000, 0x0000000731c00000, 0x0000000731e00000|  0%| F|  |TAMS 0x0000000731c00000, 0x0000000731c00000| Untracked 
| 399|0x0000000731e00000, 0x0000000731e00000, 0x0000000732000000|  0%| F|  |TAMS 0x0000000731e00000, 0x0000000731e00000| Untracked 
| 400|0x0000000732000000, 0x0000000732000000, 0x0000000732200000|  0%| F|  |TAMS 0x0000000732000000, 0x0000000732000000| Untracked 
| 401|0x0000000732200000, 0x0000000732200000, 0x0000000732400000|  0%| F|  |TAMS 0x0000000732200000, 0x0000000732200000| Untracked 
| 402|0x0000000732400000, 0x0000000732400000, 0x0000000732600000|  0%| F|  |TAMS 0x0000000732400000, 0x0000000732400000| Untracked 
| 403|0x0000000732600000, 0x0000000732600000, 0x0000000732800000|  0%| F|  |TAMS 0x0000000732600000, 0x0000000732600000| Untracked 
| 404|0x0000000732800000, 0x0000000732800000, 0x0000000732a00000|  0%| F|  |TAMS 0x0000000732800000, 0x0000000732800000| Untracked 
| 405|0x0000000732a00000, 0x0000000732a00000, 0x0000000732c00000|  0%| F|  |TAMS 0x0000000732a00000, 0x0000000732a00000| Untracked 
| 406|0x0000000732c00000, 0x0000000732c00000, 0x0000000732e00000|  0%| F|  |TAMS 0x0000000732c00000, 0x0000000732c00000| Untracked 
| 407|0x0000000732e00000, 0x0000000732e00000, 0x0000000733000000|  0%| F|  |TAMS 0x0000000732e00000, 0x0000000732e00000| Untracked 
| 408|0x0000000733000000, 0x0000000733000000, 0x0000000733200000|  0%| F|  |TAMS 0x0000000733000000, 0x0000000733000000| Untracked 
| 409|0x0000000733200000, 0x0000000733200000, 0x0000000733400000|  0%| F|  |TAMS 0x0000000733200000, 0x0000000733200000| Untracked 
| 410|0x0000000733400000, 0x0000000733400000, 0x0000000733600000|  0%| F|  |TAMS 0x0000000733400000, 0x0000000733400000| Untracked 
| 411|0x0000000733600000, 0x0000000733600000, 0x0000000733800000|  0%| F|  |TAMS 0x0000000733600000, 0x0000000733600000| Untracked 
| 412|0x0000000733800000, 0x0000000733800000, 0x0000000733a00000|  0%| F|  |TAMS 0x0000000733800000, 0x0000000733800000| Untracked 
| 413|0x0000000733a00000, 0x0000000733a00000, 0x0000000733c00000|  0%| F|  |TAMS 0x0000000733a00000, 0x0000000733a00000| Untracked 
| 414|0x0000000733c00000, 0x0000000733c00000, 0x0000000733e00000|  0%| F|  |TAMS 0x0000000733c00000, 0x0000000733c00000| Untracked 
| 415|0x0000000733e00000, 0x0000000733e00000, 0x0000000734000000|  0%| F|  |TAMS 0x0000000733e00000, 0x0000000733e00000| Untracked 
| 416|0x0000000734000000, 0x0000000734000000, 0x0000000734200000|  0%| F|  |TAMS 0x0000000734000000, 0x0000000734000000| Untracked 
| 417|0x0000000734200000, 0x0000000734200000, 0x0000000734400000|  0%| F|  |TAMS 0x0000000734200000, 0x0000000734200000| Untracked 
| 418|0x0000000734400000, 0x0000000734400000, 0x0000000734600000|  0%| F|  |TAMS 0x0000000734400000, 0x0000000734400000| Untracked 
| 419|0x0000000734600000, 0x0000000734600000, 0x0000000734800000|  0%| F|  |TAMS 0x0000000734600000, 0x0000000734600000| Untracked 
| 420|0x0000000734800000, 0x0000000734800000, 0x0000000734a00000|  0%| F|  |TAMS 0x0000000734800000, 0x0000000734800000| Untracked 
| 421|0x0000000734a00000, 0x0000000734a00000, 0x0000000734c00000|  0%| F|  |TAMS 0x0000000734a00000, 0x0000000734a00000| Untracked 
| 422|0x0000000734c00000, 0x0000000734c00000, 0x0000000734e00000|  0%| F|  |TAMS 0x0000000734c00000, 0x0000000734c00000| Untracked 
| 423|0x0000000734e00000, 0x0000000734e00000, 0x0000000735000000|  0%| F|  |TAMS 0x0000000734e00000, 0x0000000734e00000| Untracked 
| 424|0x0000000735000000, 0x0000000735000000, 0x0000000735200000|  0%| F|  |TAMS 0x0000000735000000, 0x0000000735000000| Untracked 
| 425|0x0000000735200000, 0x0000000735200000, 0x0000000735400000|  0%| F|  |TAMS 0x0000000735200000, 0x0000000735200000| Untracked 
| 426|0x0000000735400000, 0x0000000735400000, 0x0000000735600000|  0%| F|  |TAMS 0x0000000735400000, 0x0000000735400000| Untracked 
| 427|0x0000000735600000, 0x0000000735600000, 0x0000000735800000|  0%| F|  |TAMS 0x0000000735600000, 0x0000000735600000| Untracked 
| 428|0x0000000735800000, 0x0000000735800000, 0x0000000735a00000|  0%| F|  |TAMS 0x0000000735800000, 0x0000000735800000| Untracked 
| 429|0x0000000735a00000, 0x0000000735a00000, 0x0000000735c00000|  0%| F|  |TAMS 0x0000000735a00000, 0x0000000735a00000| Untracked 
| 430|0x0000000735c00000, 0x0000000735c00000, 0x0000000735e00000|  0%| F|  |TAMS 0x0000000735c00000, 0x0000000735c00000| Untracked 
| 431|0x0000000735e00000, 0x0000000735e00000, 0x0000000736000000|  0%| F|  |TAMS 0x0000000735e00000, 0x0000000735e00000| Untracked 
| 432|0x0000000736000000, 0x0000000736000000, 0x0000000736200000|  0%| F|  |TAMS 0x0000000736000000, 0x0000000736000000| Untracked 
| 433|0x0000000736200000, 0x0000000736200000, 0x0000000736400000|  0%| F|  |TAMS 0x0000000736200000, 0x0000000736200000| Untracked 
| 434|0x0000000736400000, 0x0000000736400000, 0x0000000736600000|  0%| F|  |TAMS 0x0000000736400000, 0x0000000736400000| Untracked 
| 435|0x0000000736600000, 0x0000000736600000, 0x0000000736800000|  0%| F|  |TAMS 0x0000000736600000, 0x0000000736600000| Untracked 
| 436|0x0000000736800000, 0x0000000736800000, 0x0000000736a00000|  0%| F|  |TAMS 0x0000000736800000, 0x0000000736800000| Untracked 
| 437|0x0000000736a00000, 0x0000000736a00000, 0x0000000736c00000|  0%| F|  |TAMS 0x0000000736a00000, 0x0000000736a00000| Untracked 
| 438|0x0000000736c00000, 0x0000000736c00000, 0x0000000736e00000|  0%| F|  |TAMS 0x0000000736c00000, 0x0000000736c00000| Untracked 
| 439|0x0000000736e00000, 0x0000000736e00000, 0x0000000737000000|  0%| F|  |TAMS 0x0000000736e00000, 0x0000000736e00000| Untracked 
| 440|0x0000000737000000, 0x0000000737000000, 0x0000000737200000|  0%| F|  |TAMS 0x0000000737000000, 0x0000000737000000| Untracked 
| 441|0x0000000737200000, 0x0000000737200000, 0x0000000737400000|  0%| F|  |TAMS 0x0000000737200000, 0x0000000737200000| Untracked 
| 442|0x0000000737400000, 0x0000000737400000, 0x0000000737600000|  0%| F|  |TAMS 0x0000000737400000, 0x0000000737400000| Untracked 
| 443|0x0000000737600000, 0x0000000737600000, 0x0000000737800000|  0%| F|  |TAMS 0x0000000737600000, 0x0000000737600000| Untracked 
| 444|0x0000000737800000, 0x0000000737800000, 0x0000000737a00000|  0%| F|  |TAMS 0x0000000737800000, 0x0000000737800000| Untracked 
| 445|0x0000000737a00000, 0x0000000737a00000, 0x0000000737c00000|  0%| F|  |TAMS 0x0000000737a00000, 0x0000000737a00000| Untracked 
| 446|0x0000000737c00000, 0x0000000737c00000, 0x0000000737e00000|  0%| F|  |TAMS 0x0000000737c00000, 0x0000000737c00000| Untracked 
| 447|0x0000000737e00000, 0x0000000737e00000, 0x0000000738000000|  0%| F|  |TAMS 0x0000000737e00000, 0x0000000737e00000| Untracked 
| 448|0x0000000738000000, 0x0000000738000000, 0x0000000738200000|  0%| F|  |TAMS 0x0000000738000000, 0x0000000738000000| Untracked 
| 449|0x0000000738200000, 0x0000000738200000, 0x0000000738400000|  0%| F|  |TAMS 0x0000000738200000, 0x0000000738200000| Untracked 
| 450|0x0000000738400000, 0x0000000738400000, 0x0000000738600000|  0%| F|  |TAMS 0x0000000738400000, 0x0000000738400000| Untracked 
| 451|0x0000000738600000, 0x0000000738600000, 0x0000000738800000|  0%| F|  |TAMS 0x0000000738600000, 0x0000000738600000| Untracked 
| 452|0x0000000738800000, 0x0000000738800000, 0x0000000738a00000|  0%| F|  |TAMS 0x0000000738800000, 0x0000000738800000| Untracked 
| 453|0x0000000738a00000, 0x0000000738a00000, 0x0000000738c00000|  0%| F|  |TAMS 0x0000000738a00000, 0x0000000738a00000| Untracked 
| 454|0x0000000738c00000, 0x0000000738c00000, 0x0000000738e00000|  0%| F|  |TAMS 0x0000000738c00000, 0x0000000738c00000| Untracked 
| 455|0x0000000738e00000, 0x0000000738e00000, 0x0000000739000000|  0%| F|  |TAMS 0x0000000738e00000, 0x0000000738e00000| Untracked 
| 456|0x0000000739000000, 0x0000000739000000, 0x0000000739200000|  0%| F|  |TAMS 0x0000000739000000, 0x0000000739000000| Untracked 
| 457|0x0000000739200000, 0x0000000739200000, 0x0000000739400000|  0%| F|  |TAMS 0x0000000739200000, 0x0000000739200000| Untracked 
| 458|0x0000000739400000, 0x0000000739400000, 0x0000000739600000|  0%| F|  |TAMS 0x0000000739400000, 0x0000000739400000| Untracked 
| 459|0x0000000739600000, 0x0000000739600000, 0x0000000739800000|  0%| F|  |TAMS 0x0000000739600000, 0x0000000739600000| Untracked 
| 460|0x0000000739800000, 0x0000000739800000, 0x0000000739a00000|  0%| F|  |TAMS 0x0000000739800000, 0x0000000739800000| Untracked 
| 461|0x0000000739a00000, 0x0000000739a00000, 0x0000000739c00000|  0%| F|  |TAMS 0x0000000739a00000, 0x0000000739a00000| Untracked 
| 462|0x0000000739c00000, 0x0000000739c00000, 0x0000000739e00000|  0%| F|  |TAMS 0x0000000739c00000, 0x0000000739c00000| Untracked 
| 463|0x0000000739e00000, 0x0000000739e00000, 0x000000073a000000|  0%| F|  |TAMS 0x0000000739e00000, 0x0000000739e00000| Untracked 
| 464|0x000000073a000000, 0x000000073a000000, 0x000000073a200000|  0%| F|  |TAMS 0x000000073a000000, 0x000000073a000000| Untracked 
| 465|0x000000073a200000, 0x000000073a200000, 0x000000073a400000|  0%| F|  |TAMS 0x000000073a200000, 0x000000073a200000| Untracked 
| 466|0x000000073a400000, 0x000000073a400000, 0x000000073a600000|  0%| F|  |TAMS 0x000000073a400000, 0x000000073a400000| Untracked 
| 467|0x000000073a600000, 0x000000073a600000, 0x000000073a800000|  0%| F|  |TAMS 0x000000073a600000, 0x000000073a600000| Untracked 
| 468|0x000000073a800000, 0x000000073a800000, 0x000000073aa00000|  0%| F|  |TAMS 0x000000073a800000, 0x000000073a800000| Untracked 
| 469|0x000000073aa00000, 0x000000073aa00000, 0x000000073ac00000|  0%| F|  |TAMS 0x000000073aa00000, 0x000000073aa00000| Untracked 
| 470|0x000000073ac00000, 0x000000073ac00000, 0x000000073ae00000|  0%| F|  |TAMS 0x000000073ac00000, 0x000000073ac00000| Untracked 
| 471|0x000000073ae00000, 0x000000073ae00000, 0x000000073b000000|  0%| F|  |TAMS 0x000000073ae00000, 0x000000073ae00000| Untracked 
| 472|0x000000073b000000, 0x000000073b000000, 0x000000073b200000|  0%| F|  |TAMS 0x000000073b000000, 0x000000073b000000| Untracked 
| 473|0x000000073b200000, 0x000000073b200000, 0x000000073b400000|  0%| F|  |TAMS 0x000000073b200000, 0x000000073b200000| Untracked 
| 474|0x000000073b400000, 0x000000073b400000, 0x000000073b600000|  0%| F|  |TAMS 0x000000073b400000, 0x000000073b400000| Untracked 
| 475|0x000000073b600000, 0x000000073b600000, 0x000000073b800000|  0%| F|  |TAMS 0x000000073b600000, 0x000000073b600000| Untracked 
| 476|0x000000073b800000, 0x000000073b800000, 0x000000073ba00000|  0%| F|  |TAMS 0x000000073b800000, 0x000000073b800000| Untracked 
| 477|0x000000073ba00000, 0x000000073ba00000, 0x000000073bc00000|  0%| F|  |TAMS 0x000000073ba00000, 0x000000073ba00000| Untracked 
| 478|0x000000073bc00000, 0x000000073bc00000, 0x000000073be00000|  0%| F|  |TAMS 0x000000073bc00000, 0x000000073bc00000| Untracked 
| 479|0x000000073be00000, 0x000000073be00000, 0x000000073c000000|  0%| F|  |TAMS 0x000000073be00000, 0x000000073be00000| Untracked 
| 480|0x000000073c000000, 0x000000073c000000, 0x000000073c200000|  0%| F|  |TAMS 0x000000073c000000, 0x000000073c000000| Untracked 
| 481|0x000000073c200000, 0x000000073c200000, 0x000000073c400000|  0%| F|  |TAMS 0x000000073c200000, 0x000000073c200000| Untracked 
| 482|0x000000073c400000, 0x000000073c400000, 0x000000073c600000|  0%| F|  |TAMS 0x000000073c400000, 0x000000073c400000| Untracked 
| 483|0x000000073c600000, 0x000000073c600000, 0x000000073c800000|  0%| F|  |TAMS 0x000000073c600000, 0x000000073c600000| Untracked 
| 484|0x000000073c800000, 0x000000073c800000, 0x000000073ca00000|  0%| F|  |TAMS 0x000000073c800000, 0x000000073c800000| Untracked 
| 485|0x000000073ca00000, 0x000000073ca00000, 0x000000073cc00000|  0%| F|  |TAMS 0x000000073ca00000, 0x000000073ca00000| Untracked 
| 486|0x000000073cc00000, 0x000000073cc00000, 0x000000073ce00000|  0%| F|  |TAMS 0x000000073cc00000, 0x000000073cc00000| Untracked 
| 487|0x000000073ce00000, 0x000000073ce00000, 0x000000073d000000|  0%| F|  |TAMS 0x000000073ce00000, 0x000000073ce00000| Untracked 
| 488|0x000000073d000000, 0x000000073d000000, 0x000000073d200000|  0%| F|  |TAMS 0x000000073d000000, 0x000000073d000000| Untracked 
| 489|0x000000073d200000, 0x000000073d200000, 0x000000073d400000|  0%| F|  |TAMS 0x000000073d200000, 0x000000073d200000| Untracked 
| 490|0x000000073d400000, 0x000000073d400000, 0x000000073d600000|  0%| F|  |TAMS 0x000000073d400000, 0x000000073d400000| Untracked 
| 491|0x000000073d600000, 0x000000073d600000, 0x000000073d800000|  0%| F|  |TAMS 0x000000073d600000, 0x000000073d600000| Untracked 
| 492|0x000000073d800000, 0x000000073d800000, 0x000000073da00000|  0%| F|  |TAMS 0x000000073d800000, 0x000000073d800000| Untracked 
| 493|0x000000073da00000, 0x000000073da00000, 0x000000073dc00000|  0%| F|  |TAMS 0x000000073da00000, 0x000000073da00000| Untracked 
| 494|0x000000073dc00000, 0x000000073dc00000, 0x000000073de00000|  0%| F|  |TAMS 0x000000073dc00000, 0x000000073dc00000| Untracked 
| 495|0x000000073de00000, 0x000000073de00000, 0x000000073e000000|  0%| F|  |TAMS 0x000000073de00000, 0x000000073de00000| Untracked 
| 496|0x000000073e000000, 0x000000073e000000, 0x000000073e200000|  0%| F|  |TAMS 0x000000073e000000, 0x000000073e000000| Untracked 
| 497|0x000000073e200000, 0x000000073e200000, 0x000000073e400000|  0%| F|  |TAMS 0x000000073e200000, 0x000000073e200000| Untracked 
| 498|0x000000073e400000, 0x000000073e400000, 0x000000073e600000|  0%| F|  |TAMS 0x000000073e400000, 0x000000073e400000| Untracked 
| 499|0x000000073e600000, 0x000000073e600000, 0x000000073e800000|  0%| F|  |TAMS 0x000000073e600000, 0x000000073e600000| Untracked 
| 500|0x000000073e800000, 0x000000073e800000, 0x000000073ea00000|  0%| F|  |TAMS 0x000000073e800000, 0x000000073e800000| Untracked 
| 501|0x000000073ea00000, 0x000000073ea00000, 0x000000073ec00000|  0%| F|  |TAMS 0x000000073ea00000, 0x000000073ea00000| Untracked 
| 502|0x000000073ec00000, 0x000000073ec00000, 0x000000073ee00000|  0%| F|  |TAMS 0x000000073ec00000, 0x000000073ec00000| Untracked 
| 503|0x000000073ee00000, 0x000000073ee00000, 0x000000073f000000|  0%| F|  |TAMS 0x000000073ee00000, 0x000000073ee00000| Untracked 
| 504|0x000000073f000000, 0x000000073f000000, 0x000000073f200000|  0%| F|  |TAMS 0x000000073f000000, 0x000000073f000000| Untracked 
| 505|0x000000073f200000, 0x000000073f200000, 0x000000073f400000|  0%| F|  |TAMS 0x000000073f200000, 0x000000073f200000| Untracked 
| 506|0x000000073f400000, 0x000000073f400000, 0x000000073f600000|  0%| F|  |TAMS 0x000000073f400000, 0x000000073f400000| Untracked 
| 507|0x000000073f600000, 0x000000073f600000, 0x000000073f800000|  0%| F|  |TAMS 0x000000073f600000, 0x000000073f600000| Untracked 
| 508|0x000000073f800000, 0x000000073f800000, 0x000000073fa00000|  0%| F|  |TAMS 0x000000073f800000, 0x000000073f800000| Untracked 
| 509|0x000000073fa00000, 0x000000073fa00000, 0x000000073fc00000|  0%| F|  |TAMS 0x000000073fa00000, 0x000000073fa00000| Untracked 
| 510|0x000000073fc00000, 0x000000073fc00000, 0x000000073fe00000|  0%| F|  |TAMS 0x000000073fc00000, 0x000000073fc00000| Untracked 
| 511|0x000000073fe00000, 0x000000073fe00000, 0x0000000740000000|  0%| F|  |TAMS 0x000000073fe00000, 0x000000073fe00000| Untracked 
| 512|0x0000000740000000, 0x0000000740000000, 0x0000000740200000|  0%| F|  |TAMS 0x0000000740000000, 0x0000000740000000| Untracked 
| 513|0x0000000740200000, 0x0000000740200000, 0x0000000740400000|  0%| F|  |TAMS 0x0000000740200000, 0x0000000740200000| Untracked 
| 514|0x0000000740400000, 0x0000000740400000, 0x0000000740600000|  0%| F|  |TAMS 0x0000000740400000, 0x0000000740400000| Untracked 
| 515|0x0000000740600000, 0x0000000740600000, 0x0000000740800000|  0%| F|  |TAMS 0x0000000740600000, 0x0000000740600000| Untracked 
| 516|0x0000000740800000, 0x0000000740800000, 0x0000000740a00000|  0%| F|  |TAMS 0x0000000740800000, 0x0000000740800000| Untracked 
| 517|0x0000000740a00000, 0x0000000740a00000, 0x0000000740c00000|  0%| F|  |TAMS 0x0000000740a00000, 0x0000000740a00000| Untracked 
| 518|0x0000000740c00000, 0x0000000740c00000, 0x0000000740e00000|  0%| F|  |TAMS 0x0000000740c00000, 0x0000000740c00000| Untracked 
| 519|0x0000000740e00000, 0x0000000740e00000, 0x0000000741000000|  0%| F|  |TAMS 0x0000000740e00000, 0x0000000740e00000| Untracked 
| 520|0x0000000741000000, 0x0000000741000000, 0x0000000741200000|  0%| F|  |TAMS 0x0000000741000000, 0x0000000741000000| Untracked 
| 521|0x0000000741200000, 0x0000000741200000, 0x0000000741400000|  0%| F|  |TAMS 0x0000000741200000, 0x0000000741200000| Untracked 
| 522|0x0000000741400000, 0x0000000741400000, 0x0000000741600000|  0%| F|  |TAMS 0x0000000741400000, 0x0000000741400000| Untracked 
| 523|0x0000000741600000, 0x0000000741600000, 0x0000000741800000|  0%| F|  |TAMS 0x0000000741600000, 0x0000000741600000| Untracked 
| 524|0x0000000741800000, 0x0000000741800000, 0x0000000741a00000|  0%| F|  |TAMS 0x0000000741800000, 0x0000000741800000| Untracked 
| 525|0x0000000741a00000, 0x0000000741a00000, 0x0000000741c00000|  0%| F|  |TAMS 0x0000000741a00000, 0x0000000741a00000| Untracked 
| 526|0x0000000741c00000, 0x0000000741c00000, 0x0000000741e00000|  0%| F|  |TAMS 0x0000000741c00000, 0x0000000741c00000| Untracked 
| 527|0x0000000741e00000, 0x0000000741e00000, 0x0000000742000000|  0%| F|  |TAMS 0x0000000741e00000, 0x0000000741e00000| Untracked 
| 528|0x0000000742000000, 0x0000000742000000, 0x0000000742200000|  0%| F|  |TAMS 0x0000000742000000, 0x0000000742000000| Untracked 
| 529|0x0000000742200000, 0x0000000742200000, 0x0000000742400000|  0%| F|  |TAMS 0x0000000742200000, 0x0000000742200000| Untracked 
| 530|0x0000000742400000, 0x0000000742400000, 0x0000000742600000|  0%| F|  |TAMS 0x0000000742400000, 0x0000000742400000| Untracked 
| 531|0x0000000742600000, 0x0000000742600000, 0x0000000742800000|  0%| F|  |TAMS 0x0000000742600000, 0x0000000742600000| Untracked 
| 532|0x0000000742800000, 0x0000000742800000, 0x0000000742a00000|  0%| F|  |TAMS 0x0000000742800000, 0x0000000742800000| Untracked 
| 533|0x0000000742a00000, 0x0000000742a00000, 0x0000000742c00000|  0%| F|  |TAMS 0x0000000742a00000, 0x0000000742a00000| Untracked 
| 534|0x0000000742c00000, 0x0000000742c00000, 0x0000000742e00000|  0%| F|  |TAMS 0x0000000742c00000, 0x0000000742c00000| Untracked 
| 535|0x0000000742e00000, 0x0000000742e00000, 0x0000000743000000|  0%| F|  |TAMS 0x0000000742e00000, 0x0000000742e00000| Untracked 
| 536|0x0000000743000000, 0x0000000743000000, 0x0000000743200000|  0%| F|  |TAMS 0x0000000743000000, 0x0000000743000000| Untracked 
| 537|0x0000000743200000, 0x0000000743200000, 0x0000000743400000|  0%| F|  |TAMS 0x0000000743200000, 0x0000000743200000| Untracked 
| 538|0x0000000743400000, 0x0000000743400000, 0x0000000743600000|  0%| F|  |TAMS 0x0000000743400000, 0x0000000743400000| Untracked 
| 539|0x0000000743600000, 0x0000000743600000, 0x0000000743800000|  0%| F|  |TAMS 0x0000000743600000, 0x0000000743600000| Untracked 
| 540|0x0000000743800000, 0x0000000743800000, 0x0000000743a00000|  0%| F|  |TAMS 0x0000000743800000, 0x0000000743800000| Untracked 
| 541|0x0000000743a00000, 0x0000000743a00000, 0x0000000743c00000|  0%| F|  |TAMS 0x0000000743a00000, 0x0000000743a00000| Untracked 
| 542|0x0000000743c00000, 0x0000000743c00000, 0x0000000743e00000|  0%| F|  |TAMS 0x0000000743c00000, 0x0000000743c00000| Untracked 
| 543|0x0000000743e00000, 0x0000000743e00000, 0x0000000744000000|  0%| F|  |TAMS 0x0000000743e00000, 0x0000000743e00000| Untracked 
| 544|0x0000000744000000, 0x0000000744000000, 0x0000000744200000|  0%| F|  |TAMS 0x0000000744000000, 0x0000000744000000| Untracked 
| 545|0x0000000744200000, 0x0000000744200000, 0x0000000744400000|  0%| F|  |TAMS 0x0000000744200000, 0x0000000744200000| Untracked 
| 546|0x0000000744400000, 0x0000000744400000, 0x0000000744600000|  0%| F|  |TAMS 0x0000000744400000, 0x0000000744400000| Untracked 
| 547|0x0000000744600000, 0x0000000744600000, 0x0000000744800000|  0%| F|  |TAMS 0x0000000744600000, 0x0000000744600000| Untracked 
| 548|0x0000000744800000, 0x0000000744800000, 0x0000000744a00000|  0%| F|  |TAMS 0x0000000744800000, 0x0000000744800000| Untracked 
| 549|0x0000000744a00000, 0x0000000744a00000, 0x0000000744c00000|  0%| F|  |TAMS 0x0000000744a00000, 0x0000000744a00000| Untracked 
| 550|0x0000000744c00000, 0x0000000744c00000, 0x0000000744e00000|  0%| F|  |TAMS 0x0000000744c00000, 0x0000000744c00000| Untracked 
| 551|0x0000000744e00000, 0x0000000744e00000, 0x0000000745000000|  0%| F|  |TAMS 0x0000000744e00000, 0x0000000744e00000| Untracked 
| 552|0x0000000745000000, 0x0000000745000000, 0x0000000745200000|  0%| F|  |TAMS 0x0000000745000000, 0x0000000745000000| Untracked 
| 553|0x0000000745200000, 0x0000000745200000, 0x0000000745400000|  0%| F|  |TAMS 0x0000000745200000, 0x0000000745200000| Untracked 
| 554|0x0000000745400000, 0x0000000745400000, 0x0000000745600000|  0%| F|  |TAMS 0x0000000745400000, 0x0000000745400000| Untracked 
| 555|0x0000000745600000, 0x0000000745600000, 0x0000000745800000|  0%| F|  |TAMS 0x0000000745600000, 0x0000000745600000| Untracked 
| 556|0x0000000745800000, 0x0000000745800000, 0x0000000745a00000|  0%| F|  |TAMS 0x0000000745800000, 0x0000000745800000| Untracked 
| 557|0x0000000745a00000, 0x0000000745a00000, 0x0000000745c00000|  0%| F|  |TAMS 0x0000000745a00000, 0x0000000745a00000| Untracked 
| 558|0x0000000745c00000, 0x0000000745c00000, 0x0000000745e00000|  0%| F|  |TAMS 0x0000000745c00000, 0x0000000745c00000| Untracked 
| 559|0x0000000745e00000, 0x0000000745e00000, 0x0000000746000000|  0%| F|  |TAMS 0x0000000745e00000, 0x0000000745e00000| Untracked 
| 560|0x0000000746000000, 0x0000000746000000, 0x0000000746200000|  0%| F|  |TAMS 0x0000000746000000, 0x0000000746000000| Untracked 
| 561|0x0000000746200000, 0x0000000746200000, 0x0000000746400000|  0%| F|  |TAMS 0x0000000746200000, 0x0000000746200000| Untracked 
| 562|0x0000000746400000, 0x0000000746400000, 0x0000000746600000|  0%| F|  |TAMS 0x0000000746400000, 0x0000000746400000| Untracked 
| 563|0x0000000746600000, 0x0000000746600000, 0x0000000746800000|  0%| F|  |TAMS 0x0000000746600000, 0x0000000746600000| Untracked 
| 564|0x0000000746800000, 0x0000000746800000, 0x0000000746a00000|  0%| F|  |TAMS 0x0000000746800000, 0x0000000746800000| Untracked 
| 565|0x0000000746a00000, 0x0000000746a00000, 0x0000000746c00000|  0%| F|  |TAMS 0x0000000746a00000, 0x0000000746a00000| Untracked 
| 566|0x0000000746c00000, 0x0000000746c00000, 0x0000000746e00000|  0%| F|  |TAMS 0x0000000746c00000, 0x0000000746c00000| Untracked 
| 567|0x0000000746e00000, 0x0000000746e00000, 0x0000000747000000|  0%| F|  |TAMS 0x0000000746e00000, 0x0000000746e00000| Untracked 
| 568|0x0000000747000000, 0x0000000747000000, 0x0000000747200000|  0%| F|  |TAMS 0x0000000747000000, 0x0000000747000000| Untracked 
| 569|0x0000000747200000, 0x0000000747200000, 0x0000000747400000|  0%| F|  |TAMS 0x0000000747200000, 0x0000000747200000| Untracked 
| 570|0x0000000747400000, 0x0000000747400000, 0x0000000747600000|  0%| F|  |TAMS 0x0000000747400000, 0x0000000747400000| Untracked 
| 571|0x0000000747600000, 0x0000000747600000, 0x0000000747800000|  0%| F|  |TAMS 0x0000000747600000, 0x0000000747600000| Untracked 
| 572|0x0000000747800000, 0x0000000747800000, 0x0000000747a00000|  0%| F|  |TAMS 0x0000000747800000, 0x0000000747800000| Untracked 
| 573|0x0000000747a00000, 0x0000000747a00000, 0x0000000747c00000|  0%| F|  |TAMS 0x0000000747a00000, 0x0000000747a00000| Untracked 
| 574|0x0000000747c00000, 0x0000000747c00000, 0x0000000747e00000|  0%| F|  |TAMS 0x0000000747c00000, 0x0000000747c00000| Untracked 
| 575|0x0000000747e00000, 0x0000000747e00000, 0x0000000748000000|  0%| F|  |TAMS 0x0000000747e00000, 0x0000000747e00000| Untracked 
| 576|0x0000000748000000, 0x0000000748000000, 0x0000000748200000|  0%| F|  |TAMS 0x0000000748000000, 0x0000000748000000| Untracked 
| 577|0x0000000748200000, 0x0000000748200000, 0x0000000748400000|  0%| F|  |TAMS 0x0000000748200000, 0x0000000748200000| Untracked 
| 578|0x0000000748400000, 0x0000000748400000, 0x0000000748600000|  0%| F|  |TAMS 0x0000000748400000, 0x0000000748400000| Untracked 
| 579|0x0000000748600000, 0x0000000748600000, 0x0000000748800000|  0%| F|  |TAMS 0x0000000748600000, 0x0000000748600000| Untracked 
| 580|0x0000000748800000, 0x0000000748800000, 0x0000000748a00000|  0%| F|  |TAMS 0x0000000748800000, 0x0000000748800000| Untracked 
| 581|0x0000000748a00000, 0x0000000748a00000, 0x0000000748c00000|  0%| F|  |TAMS 0x0000000748a00000, 0x0000000748a00000| Untracked 
| 582|0x0000000748c00000, 0x0000000748c00000, 0x0000000748e00000|  0%| F|  |TAMS 0x0000000748c00000, 0x0000000748c00000| Untracked 
| 583|0x0000000748e00000, 0x0000000748e00000, 0x0000000749000000|  0%| F|  |TAMS 0x0000000748e00000, 0x0000000748e00000| Untracked 
| 584|0x0000000749000000, 0x0000000749000000, 0x0000000749200000|  0%| F|  |TAMS 0x0000000749000000, 0x0000000749000000| Untracked 
| 585|0x0000000749200000, 0x0000000749200000, 0x0000000749400000|  0%| F|  |TAMS 0x0000000749200000, 0x0000000749200000| Untracked 
| 586|0x0000000749400000, 0x0000000749400000, 0x0000000749600000|  0%| F|  |TAMS 0x0000000749400000, 0x0000000749400000| Untracked 
| 587|0x0000000749600000, 0x0000000749600000, 0x0000000749800000|  0%| F|  |TAMS 0x0000000749600000, 0x0000000749600000| Untracked 
| 588|0x0000000749800000, 0x0000000749800000, 0x0000000749a00000|  0%| F|  |TAMS 0x0000000749800000, 0x0000000749800000| Untracked 
| 589|0x0000000749a00000, 0x0000000749a00000, 0x0000000749c00000|  0%| F|  |TAMS 0x0000000749a00000, 0x0000000749a00000| Untracked 
| 590|0x0000000749c00000, 0x0000000749c00000, 0x0000000749e00000|  0%| F|  |TAMS 0x0000000749c00000, 0x0000000749c00000| Untracked 
| 591|0x0000000749e00000, 0x0000000749e00000, 0x000000074a000000|  0%| F|  |TAMS 0x0000000749e00000, 0x0000000749e00000| Untracked 
| 592|0x000000074a000000, 0x000000074a000000, 0x000000074a200000|  0%| F|  |TAMS 0x000000074a000000, 0x000000074a000000| Untracked 
| 593|0x000000074a200000, 0x000000074a200000, 0x000000074a400000|  0%| F|  |TAMS 0x000000074a200000, 0x000000074a200000| Untracked 
| 594|0x000000074a400000, 0x000000074a400000, 0x000000074a600000|  0%| F|  |TAMS 0x000000074a400000, 0x000000074a400000| Untracked 
| 595|0x000000074a600000, 0x000000074a600000, 0x000000074a800000|  0%| F|  |TAMS 0x000000074a600000, 0x000000074a600000| Untracked 
| 596|0x000000074a800000, 0x000000074a800000, 0x000000074aa00000|  0%| F|  |TAMS 0x000000074a800000, 0x000000074a800000| Untracked 
| 597|0x000000074aa00000, 0x000000074aa00000, 0x000000074ac00000|  0%| F|  |TAMS 0x000000074aa00000, 0x000000074aa00000| Untracked 
| 598|0x000000074ac00000, 0x000000074ac00000, 0x000000074ae00000|  0%| F|  |TAMS 0x000000074ac00000, 0x000000074ac00000| Untracked 
| 599|0x000000074ae00000, 0x000000074ae00000, 0x000000074b000000|  0%| F|  |TAMS 0x000000074ae00000, 0x000000074ae00000| Untracked 
| 600|0x000000074b000000, 0x000000074b000000, 0x000000074b200000|  0%| F|  |TAMS 0x000000074b000000, 0x000000074b000000| Untracked 
| 601|0x000000074b200000, 0x000000074b200000, 0x000000074b400000|  0%| F|  |TAMS 0x000000074b200000, 0x000000074b200000| Untracked 
| 602|0x000000074b400000, 0x000000074b400000, 0x000000074b600000|  0%| F|  |TAMS 0x000000074b400000, 0x000000074b400000| Untracked 
| 603|0x000000074b600000, 0x000000074b600000, 0x000000074b800000|  0%| F|  |TAMS 0x000000074b600000, 0x000000074b600000| Untracked 
| 604|0x000000074b800000, 0x000000074b800000, 0x000000074ba00000|  0%| F|  |TAMS 0x000000074b800000, 0x000000074b800000| Untracked 
| 605|0x000000074ba00000, 0x000000074ba00000, 0x000000074bc00000|  0%| F|  |TAMS 0x000000074ba00000, 0x000000074ba00000| Untracked 
| 606|0x000000074bc00000, 0x000000074bc00000, 0x000000074be00000|  0%| F|  |TAMS 0x000000074bc00000, 0x000000074bc00000| Untracked 
| 607|0x000000074be00000, 0x000000074be00000, 0x000000074c000000|  0%| F|  |TAMS 0x000000074be00000, 0x000000074be00000| Untracked 
| 608|0x000000074c000000, 0x000000074c000000, 0x000000074c200000|  0%| F|  |TAMS 0x000000074c000000, 0x000000074c000000| Untracked 
| 609|0x000000074c200000, 0x000000074c200000, 0x000000074c400000|  0%| F|  |TAMS 0x000000074c200000, 0x000000074c200000| Untracked 
| 610|0x000000074c400000, 0x000000074c400000, 0x000000074c600000|  0%| F|  |TAMS 0x000000074c400000, 0x000000074c400000| Untracked 
| 611|0x000000074c600000, 0x000000074c600000, 0x000000074c800000|  0%| F|  |TAMS 0x000000074c600000, 0x000000074c600000| Untracked 
| 612|0x000000074c800000, 0x000000074c800000, 0x000000074ca00000|  0%| F|  |TAMS 0x000000074c800000, 0x000000074c800000| Untracked 
| 613|0x000000074ca00000, 0x000000074ca00000, 0x000000074cc00000|  0%| F|  |TAMS 0x000000074ca00000, 0x000000074ca00000| Untracked 
| 614|0x000000074cc00000, 0x000000074cc00000, 0x000000074ce00000|  0%| F|  |TAMS 0x000000074cc00000, 0x000000074cc00000| Untracked 
| 615|0x000000074ce00000, 0x000000074ce00000, 0x000000074d000000|  0%| F|  |TAMS 0x000000074ce00000, 0x000000074ce00000| Untracked 
| 616|0x000000074d000000, 0x000000074d000000, 0x000000074d200000|  0%| F|  |TAMS 0x000000074d000000, 0x000000074d000000| Untracked 
| 617|0x000000074d200000, 0x000000074d200000, 0x000000074d400000|  0%| F|  |TAMS 0x000000074d200000, 0x000000074d200000| Untracked 
| 618|0x000000074d400000, 0x000000074d400000, 0x000000074d600000|  0%| F|  |TAMS 0x000000074d400000, 0x000000074d400000| Untracked 
| 619|0x000000074d600000, 0x000000074d600000, 0x000000074d800000|  0%| F|  |TAMS 0x000000074d600000, 0x000000074d600000| Untracked 
| 620|0x000000074d800000, 0x000000074d800000, 0x000000074da00000|  0%| F|  |TAMS 0x000000074d800000, 0x000000074d800000| Untracked 
| 621|0x000000074da00000, 0x000000074da00000, 0x000000074dc00000|  0%| F|  |TAMS 0x000000074da00000, 0x000000074da00000| Untracked 
| 622|0x000000074dc00000, 0x000000074dc00000, 0x000000074de00000|  0%| F|  |TAMS 0x000000074dc00000, 0x000000074dc00000| Untracked 
| 623|0x000000074de00000, 0x000000074de00000, 0x000000074e000000|  0%| F|  |TAMS 0x000000074de00000, 0x000000074de00000| Untracked 
| 624|0x000000074e000000, 0x000000074e000000, 0x000000074e200000|  0%| F|  |TAMS 0x000000074e000000, 0x000000074e000000| Untracked 
| 625|0x000000074e200000, 0x000000074e200000, 0x000000074e400000|  0%| F|  |TAMS 0x000000074e200000, 0x000000074e200000| Untracked 
| 626|0x000000074e400000, 0x000000074e400000, 0x000000074e600000|  0%| F|  |TAMS 0x000000074e400000, 0x000000074e400000| Untracked 
| 627|0x000000074e600000, 0x000000074e600000, 0x000000074e800000|  0%| F|  |TAMS 0x000000074e600000, 0x000000074e600000| Untracked 
| 628|0x000000074e800000, 0x000000074e800000, 0x000000074ea00000|  0%| F|  |TAMS 0x000000074e800000, 0x000000074e800000| Untracked 
| 629|0x000000074ea00000, 0x000000074ea00000, 0x000000074ec00000|  0%| F|  |TAMS 0x000000074ea00000, 0x000000074ea00000| Untracked 
| 630|0x000000074ec00000, 0x000000074ec00000, 0x000000074ee00000|  0%| F|  |TAMS 0x000000074ec00000, 0x000000074ec00000| Untracked 
| 631|0x000000074ee00000, 0x000000074ee00000, 0x000000074f000000|  0%| F|  |TAMS 0x000000074ee00000, 0x000000074ee00000| Untracked 
| 632|0x000000074f000000, 0x000000074f000000, 0x000000074f200000|  0%| F|  |TAMS 0x000000074f000000, 0x000000074f000000| Untracked 
| 633|0x000000074f200000, 0x000000074f200000, 0x000000074f400000|  0%| F|  |TAMS 0x000000074f200000, 0x000000074f200000| Untracked 
| 634|0x000000074f400000, 0x000000074f400000, 0x000000074f600000|  0%| F|  |TAMS 0x000000074f400000, 0x000000074f400000| Untracked 
| 635|0x000000074f600000, 0x000000074f600000, 0x000000074f800000|  0%| F|  |TAMS 0x000000074f600000, 0x000000074f600000| Untracked 
| 636|0x000000074f800000, 0x000000074f800000, 0x000000074fa00000|  0%| F|  |TAMS 0x000000074f800000, 0x000000074f800000| Untracked 
| 637|0x000000074fa00000, 0x000000074fa00000, 0x000000074fc00000|  0%| F|  |TAMS 0x000000074fa00000, 0x000000074fa00000| Untracked 
| 638|0x000000074fc00000, 0x000000074fc00000, 0x000000074fe00000|  0%| F|  |TAMS 0x000000074fc00000, 0x000000074fc00000| Untracked 
| 639|0x000000074fe00000, 0x000000074fe00000, 0x0000000750000000|  0%| F|  |TAMS 0x000000074fe00000, 0x000000074fe00000| Untracked 
| 640|0x0000000750000000, 0x0000000750000000, 0x0000000750200000|  0%| F|  |TAMS 0x0000000750000000, 0x0000000750000000| Untracked 
| 641|0x0000000750200000, 0x0000000750200000, 0x0000000750400000|  0%| F|  |TAMS 0x0000000750200000, 0x0000000750200000| Untracked 
| 642|0x0000000750400000, 0x0000000750400000, 0x0000000750600000|  0%| F|  |TAMS 0x0000000750400000, 0x0000000750400000| Untracked 
| 643|0x0000000750600000, 0x0000000750600000, 0x0000000750800000|  0%| F|  |TAMS 0x0000000750600000, 0x0000000750600000| Untracked 
| 644|0x0000000750800000, 0x0000000750800000, 0x0000000750a00000|  0%| F|  |TAMS 0x0000000750800000, 0x0000000750800000| Untracked 
| 645|0x0000000750a00000, 0x0000000750a00000, 0x0000000750c00000|  0%| F|  |TAMS 0x0000000750a00000, 0x0000000750a00000| Untracked 
| 646|0x0000000750c00000, 0x0000000750c00000, 0x0000000750e00000|  0%| F|  |TAMS 0x0000000750c00000, 0x0000000750c00000| Untracked 
| 647|0x0000000750e00000, 0x0000000750e00000, 0x0000000751000000|  0%| F|  |TAMS 0x0000000750e00000, 0x0000000750e00000| Untracked 
| 648|0x0000000751000000, 0x0000000751000000, 0x0000000751200000|  0%| F|  |TAMS 0x0000000751000000, 0x0000000751000000| Untracked 
| 649|0x0000000751200000, 0x0000000751200000, 0x0000000751400000|  0%| F|  |TAMS 0x0000000751200000, 0x0000000751200000| Untracked 
| 650|0x0000000751400000, 0x0000000751400000, 0x0000000751600000|  0%| F|  |TAMS 0x0000000751400000, 0x0000000751400000| Untracked 
| 651|0x0000000751600000, 0x0000000751600000, 0x0000000751800000|  0%| F|  |TAMS 0x0000000751600000, 0x0000000751600000| Untracked 
| 652|0x0000000751800000, 0x0000000751800000, 0x0000000751a00000|  0%| F|  |TAMS 0x0000000751800000, 0x0000000751800000| Untracked 
| 653|0x0000000751a00000, 0x0000000751a00000, 0x0000000751c00000|  0%| F|  |TAMS 0x0000000751a00000, 0x0000000751a00000| Untracked 
| 654|0x0000000751c00000, 0x0000000751c00000, 0x0000000751e00000|  0%| F|  |TAMS 0x0000000751c00000, 0x0000000751c00000| Untracked 
| 655|0x0000000751e00000, 0x0000000751e00000, 0x0000000752000000|  0%| F|  |TAMS 0x0000000751e00000, 0x0000000751e00000| Untracked 
| 656|0x0000000752000000, 0x0000000752000000, 0x0000000752200000|  0%| F|  |TAMS 0x0000000752000000, 0x0000000752000000| Untracked 
| 657|0x0000000752200000, 0x0000000752200000, 0x0000000752400000|  0%| F|  |TAMS 0x0000000752200000, 0x0000000752200000| Untracked 
| 658|0x0000000752400000, 0x0000000752400000, 0x0000000752600000|  0%| F|  |TAMS 0x0000000752400000, 0x0000000752400000| Untracked 
| 659|0x0000000752600000, 0x0000000752600000, 0x0000000752800000|  0%| F|  |TAMS 0x0000000752600000, 0x0000000752600000| Untracked 
| 660|0x0000000752800000, 0x0000000752800000, 0x0000000752a00000|  0%| F|  |TAMS 0x0000000752800000, 0x0000000752800000| Untracked 
| 661|0x0000000752a00000, 0x0000000752a00000, 0x0000000752c00000|  0%| F|  |TAMS 0x0000000752a00000, 0x0000000752a00000| Untracked 
| 662|0x0000000752c00000, 0x0000000752c00000, 0x0000000752e00000|  0%| F|  |TAMS 0x0000000752c00000, 0x0000000752c00000| Untracked 
| 663|0x0000000752e00000, 0x0000000752e00000, 0x0000000753000000|  0%| F|  |TAMS 0x0000000752e00000, 0x0000000752e00000| Untracked 
| 664|0x0000000753000000, 0x0000000753000000, 0x0000000753200000|  0%| F|  |TAMS 0x0000000753000000, 0x0000000753000000| Untracked 
| 665|0x0000000753200000, 0x0000000753200000, 0x0000000753400000|  0%| F|  |TAMS 0x0000000753200000, 0x0000000753200000| Untracked 
| 666|0x0000000753400000, 0x0000000753400000, 0x0000000753600000|  0%| F|  |TAMS 0x0000000753400000, 0x0000000753400000| Untracked 
| 667|0x0000000753600000, 0x0000000753600000, 0x0000000753800000|  0%| F|  |TAMS 0x0000000753600000, 0x0000000753600000| Untracked 
| 668|0x0000000753800000, 0x0000000753800000, 0x0000000753a00000|  0%| F|  |TAMS 0x0000000753800000, 0x0000000753800000| Untracked 
| 669|0x0000000753a00000, 0x0000000753a00000, 0x0000000753c00000|  0%| F|  |TAMS 0x0000000753a00000, 0x0000000753a00000| Untracked 
| 670|0x0000000753c00000, 0x0000000753c00000, 0x0000000753e00000|  0%| F|  |TAMS 0x0000000753c00000, 0x0000000753c00000| Untracked 
| 671|0x0000000753e00000, 0x0000000753e00000, 0x0000000754000000|  0%| F|  |TAMS 0x0000000753e00000, 0x0000000753e00000| Untracked 
| 672|0x0000000754000000, 0x0000000754000000, 0x0000000754200000|  0%| F|  |TAMS 0x0000000754000000, 0x0000000754000000| Untracked 
| 673|0x0000000754200000, 0x0000000754200000, 0x0000000754400000|  0%| F|  |TAMS 0x0000000754200000, 0x0000000754200000| Untracked 
| 674|0x0000000754400000, 0x0000000754400000, 0x0000000754600000|  0%| F|  |TAMS 0x0000000754400000, 0x0000000754400000| Untracked 
| 675|0x0000000754600000, 0x0000000754600000, 0x0000000754800000|  0%| F|  |TAMS 0x0000000754600000, 0x0000000754600000| Untracked 
| 676|0x0000000754800000, 0x0000000754800000, 0x0000000754a00000|  0%| F|  |TAMS 0x0000000754800000, 0x0000000754800000| Untracked 
| 677|0x0000000754a00000, 0x0000000754a00000, 0x0000000754c00000|  0%| F|  |TAMS 0x0000000754a00000, 0x0000000754a00000| Untracked 
| 678|0x0000000754c00000, 0x0000000754c00000, 0x0000000754e00000|  0%| F|  |TAMS 0x0000000754c00000, 0x0000000754c00000| Untracked 
| 679|0x0000000754e00000, 0x0000000754e00000, 0x0000000755000000|  0%| F|  |TAMS 0x0000000754e00000, 0x0000000754e00000| Untracked 
| 680|0x0000000755000000, 0x0000000755000000, 0x0000000755200000|  0%| F|  |TAMS 0x0000000755000000, 0x0000000755000000| Untracked 
| 681|0x0000000755200000, 0x0000000755200000, 0x0000000755400000|  0%| F|  |TAMS 0x0000000755200000, 0x0000000755200000| Untracked 
| 682|0x0000000755400000, 0x0000000755400000, 0x0000000755600000|  0%| F|  |TAMS 0x0000000755400000, 0x0000000755400000| Untracked 
| 683|0x0000000755600000, 0x0000000755600000, 0x0000000755800000|  0%| F|  |TAMS 0x0000000755600000, 0x0000000755600000| Untracked 
| 684|0x0000000755800000, 0x0000000755800000, 0x0000000755a00000|  0%| F|  |TAMS 0x0000000755800000, 0x0000000755800000| Untracked 
| 685|0x0000000755a00000, 0x0000000755a00000, 0x0000000755c00000|  0%| F|  |TAMS 0x0000000755a00000, 0x0000000755a00000| Untracked 
| 686|0x0000000755c00000, 0x0000000755c00000, 0x0000000755e00000|  0%| F|  |TAMS 0x0000000755c00000, 0x0000000755c00000| Untracked 
| 687|0x0000000755e00000, 0x0000000755e00000, 0x0000000756000000|  0%| F|  |TAMS 0x0000000755e00000, 0x0000000755e00000| Untracked 
| 688|0x0000000756000000, 0x0000000756000000, 0x0000000756200000|  0%| F|  |TAMS 0x0000000756000000, 0x0000000756000000| Untracked 
| 689|0x0000000756200000, 0x0000000756200000, 0x0000000756400000|  0%| F|  |TAMS 0x0000000756200000, 0x0000000756200000| Untracked 
| 690|0x0000000756400000, 0x0000000756400000, 0x0000000756600000|  0%| F|  |TAMS 0x0000000756400000, 0x0000000756400000| Untracked 
| 691|0x0000000756600000, 0x0000000756600000, 0x0000000756800000|  0%| F|  |TAMS 0x0000000756600000, 0x0000000756600000| Untracked 
| 692|0x0000000756800000, 0x0000000756800000, 0x0000000756a00000|  0%| F|  |TAMS 0x0000000756800000, 0x0000000756800000| Untracked 
| 693|0x0000000756a00000, 0x0000000756a00000, 0x0000000756c00000|  0%| F|  |TAMS 0x0000000756a00000, 0x0000000756a00000| Untracked 
| 694|0x0000000756c00000, 0x0000000756c00000, 0x0000000756e00000|  0%| F|  |TAMS 0x0000000756c00000, 0x0000000756c00000| Untracked 
| 695|0x0000000756e00000, 0x0000000756e00000, 0x0000000757000000|  0%| F|  |TAMS 0x0000000756e00000, 0x0000000756e00000| Untracked 
| 696|0x0000000757000000, 0x0000000757000000, 0x0000000757200000|  0%| F|  |TAMS 0x0000000757000000, 0x0000000757000000| Untracked 
| 697|0x0000000757200000, 0x0000000757200000, 0x0000000757400000|  0%| F|  |TAMS 0x0000000757200000, 0x0000000757200000| Untracked 
| 698|0x0000000757400000, 0x0000000757400000, 0x0000000757600000|  0%| F|  |TAMS 0x0000000757400000, 0x0000000757400000| Untracked 
| 699|0x0000000757600000, 0x0000000757600000, 0x0000000757800000|  0%| F|  |TAMS 0x0000000757600000, 0x0000000757600000| Untracked 
| 700|0x0000000757800000, 0x0000000757800000, 0x0000000757a00000|  0%| F|  |TAMS 0x0000000757800000, 0x0000000757800000| Untracked 
| 701|0x0000000757a00000, 0x0000000757a00000, 0x0000000757c00000|  0%| F|  |TAMS 0x0000000757a00000, 0x0000000757a00000| Untracked 
| 702|0x0000000757c00000, 0x0000000757c00000, 0x0000000757e00000|  0%| F|  |TAMS 0x0000000757c00000, 0x0000000757c00000| Untracked 
| 703|0x0000000757e00000, 0x0000000757e00000, 0x0000000758000000|  0%| F|  |TAMS 0x0000000757e00000, 0x0000000757e00000| Untracked 
| 704|0x0000000758000000, 0x0000000758000000, 0x0000000758200000|  0%| F|  |TAMS 0x0000000758000000, 0x0000000758000000| Untracked 
| 705|0x0000000758200000, 0x0000000758200000, 0x0000000758400000|  0%| F|  |TAMS 0x0000000758200000, 0x0000000758200000| Untracked 
| 706|0x0000000758400000, 0x0000000758400000, 0x0000000758600000|  0%| F|  |TAMS 0x0000000758400000, 0x0000000758400000| Untracked 
| 707|0x0000000758600000, 0x0000000758600000, 0x0000000758800000|  0%| F|  |TAMS 0x0000000758600000, 0x0000000758600000| Untracked 
| 708|0x0000000758800000, 0x0000000758800000, 0x0000000758a00000|  0%| F|  |TAMS 0x0000000758800000, 0x0000000758800000| Untracked 
| 709|0x0000000758a00000, 0x0000000758a00000, 0x0000000758c00000|  0%| F|  |TAMS 0x0000000758a00000, 0x0000000758a00000| Untracked 
| 710|0x0000000758c00000, 0x0000000758c00000, 0x0000000758e00000|  0%| F|  |TAMS 0x0000000758c00000, 0x0000000758c00000| Untracked 
| 711|0x0000000758e00000, 0x0000000758e00000, 0x0000000759000000|  0%| F|  |TAMS 0x0000000758e00000, 0x0000000758e00000| Untracked 
| 712|0x0000000759000000, 0x0000000759000000, 0x0000000759200000|  0%| F|  |TAMS 0x0000000759000000, 0x0000000759000000| Untracked 
| 713|0x0000000759200000, 0x0000000759200000, 0x0000000759400000|  0%| F|  |TAMS 0x0000000759200000, 0x0000000759200000| Untracked 
| 714|0x0000000759400000, 0x0000000759400000, 0x0000000759600000|  0%| F|  |TAMS 0x0000000759400000, 0x0000000759400000| Untracked 
| 715|0x0000000759600000, 0x0000000759600000, 0x0000000759800000|  0%| F|  |TAMS 0x0000000759600000, 0x0000000759600000| Untracked 
| 716|0x0000000759800000, 0x0000000759800000, 0x0000000759a00000|  0%| F|  |TAMS 0x0000000759800000, 0x0000000759800000| Untracked 
| 717|0x0000000759a00000, 0x0000000759a00000, 0x0000000759c00000|  0%| F|  |TAMS 0x0000000759a00000, 0x0000000759a00000| Untracked 
| 718|0x0000000759c00000, 0x0000000759c00000, 0x0000000759e00000|  0%| F|  |TAMS 0x0000000759c00000, 0x0000000759c00000| Untracked 
| 719|0x0000000759e00000, 0x0000000759e00000, 0x000000075a000000|  0%| F|  |TAMS 0x0000000759e00000, 0x0000000759e00000| Untracked 
| 720|0x000000075a000000, 0x000000075a000000, 0x000000075a200000|  0%| F|  |TAMS 0x000000075a000000, 0x000000075a000000| Untracked 
| 721|0x000000075a200000, 0x000000075a200000, 0x000000075a400000|  0%| F|  |TAMS 0x000000075a200000, 0x000000075a200000| Untracked 
| 722|0x000000075a400000, 0x000000075a400000, 0x000000075a600000|  0%| F|  |TAMS 0x000000075a400000, 0x000000075a400000| Untracked 
| 723|0x000000075a600000, 0x000000075a600000, 0x000000075a800000|  0%| F|  |TAMS 0x000000075a600000, 0x000000075a600000| Untracked 
| 724|0x000000075a800000, 0x000000075a800000, 0x000000075aa00000|  0%| F|  |TAMS 0x000000075a800000, 0x000000075a800000| Untracked 
| 725|0x000000075aa00000, 0x000000075aa00000, 0x000000075ac00000|  0%| F|  |TAMS 0x000000075aa00000, 0x000000075aa00000| Untracked 
| 726|0x000000075ac00000, 0x000000075ac00000, 0x000000075ae00000|  0%| F|  |TAMS 0x000000075ac00000, 0x000000075ac00000| Untracked 
| 727|0x000000075ae00000, 0x000000075ae00000, 0x000000075b000000|  0%| F|  |TAMS 0x000000075ae00000, 0x000000075ae00000| Untracked 
| 728|0x000000075b000000, 0x000000075b000000, 0x000000075b200000|  0%| F|  |TAMS 0x000000075b000000, 0x000000075b000000| Untracked 
| 729|0x000000075b200000, 0x000000075b200000, 0x000000075b400000|  0%| F|  |TAMS 0x000000075b200000, 0x000000075b200000| Untracked 
| 730|0x000000075b400000, 0x000000075b400000, 0x000000075b600000|  0%| F|  |TAMS 0x000000075b400000, 0x000000075b400000| Untracked 
| 731|0x000000075b600000, 0x000000075b600000, 0x000000075b800000|  0%| F|  |TAMS 0x000000075b600000, 0x000000075b600000| Untracked 
| 732|0x000000075b800000, 0x000000075b800000, 0x000000075ba00000|  0%| F|  |TAMS 0x000000075b800000, 0x000000075b800000| Untracked 
| 733|0x000000075ba00000, 0x000000075ba00000, 0x000000075bc00000|  0%| F|  |TAMS 0x000000075ba00000, 0x000000075ba00000| Untracked 
| 734|0x000000075bc00000, 0x000000075bc00000, 0x000000075be00000|  0%| F|  |TAMS 0x000000075bc00000, 0x000000075bc00000| Untracked 
| 735|0x000000075be00000, 0x000000075be00000, 0x000000075c000000|  0%| F|  |TAMS 0x000000075be00000, 0x000000075be00000| Untracked 
| 736|0x000000075c000000, 0x000000075c000000, 0x000000075c200000|  0%| F|  |TAMS 0x000000075c000000, 0x000000075c000000| Untracked 
| 737|0x000000075c200000, 0x000000075c200000, 0x000000075c400000|  0%| F|  |TAMS 0x000000075c200000, 0x000000075c200000| Untracked 
| 738|0x000000075c400000, 0x000000075c400000, 0x000000075c600000|  0%| F|  |TAMS 0x000000075c400000, 0x000000075c400000| Untracked 
| 739|0x000000075c600000, 0x000000075c600000, 0x000000075c800000|  0%| F|  |TAMS 0x000000075c600000, 0x000000075c600000| Untracked 
| 740|0x000000075c800000, 0x000000075c800000, 0x000000075ca00000|  0%| F|  |TAMS 0x000000075c800000, 0x000000075c800000| Untracked 
| 741|0x000000075ca00000, 0x000000075ca00000, 0x000000075cc00000|  0%| F|  |TAMS 0x000000075ca00000, 0x000000075ca00000| Untracked 
| 742|0x000000075cc00000, 0x000000075cc00000, 0x000000075ce00000|  0%| F|  |TAMS 0x000000075cc00000, 0x000000075cc00000| Untracked 
| 743|0x000000075ce00000, 0x000000075ce00000, 0x000000075d000000|  0%| F|  |TAMS 0x000000075ce00000, 0x000000075ce00000| Untracked 
| 744|0x000000075d000000, 0x000000075d000000, 0x000000075d200000|  0%| F|  |TAMS 0x000000075d000000, 0x000000075d000000| Untracked 
| 745|0x000000075d200000, 0x000000075d200000, 0x000000075d400000|  0%| F|  |TAMS 0x000000075d200000, 0x000000075d200000| Untracked 
| 746|0x000000075d400000, 0x000000075d400000, 0x000000075d600000|  0%| F|  |TAMS 0x000000075d400000, 0x000000075d400000| Untracked 
| 747|0x000000075d600000, 0x000000075d600000, 0x000000075d800000|  0%| F|  |TAMS 0x000000075d600000, 0x000000075d600000| Untracked 
| 748|0x000000075d800000, 0x000000075d800000, 0x000000075da00000|  0%| F|  |TAMS 0x000000075d800000, 0x000000075d800000| Untracked 
| 749|0x000000075da00000, 0x000000075da00000, 0x000000075dc00000|  0%| F|  |TAMS 0x000000075da00000, 0x000000075da00000| Untracked 
| 750|0x000000075dc00000, 0x000000075dc00000, 0x000000075de00000|  0%| F|  |TAMS 0x000000075dc00000, 0x000000075dc00000| Untracked 
| 751|0x000000075de00000, 0x000000075de00000, 0x000000075e000000|  0%| F|  |TAMS 0x000000075de00000, 0x000000075de00000| Untracked 
| 752|0x000000075e000000, 0x000000075e000000, 0x000000075e200000|  0%| F|  |TAMS 0x000000075e000000, 0x000000075e000000| Untracked 
| 753|0x000000075e200000, 0x000000075e200000, 0x000000075e400000|  0%| F|  |TAMS 0x000000075e200000, 0x000000075e200000| Untracked 
| 754|0x000000075e400000, 0x000000075e400000, 0x000000075e600000|  0%| F|  |TAMS 0x000000075e400000, 0x000000075e400000| Untracked 
| 755|0x000000075e600000, 0x000000075e600000, 0x000000075e800000|  0%| F|  |TAMS 0x000000075e600000, 0x000000075e600000| Untracked 
| 756|0x000000075e800000, 0x000000075e800000, 0x000000075ea00000|  0%| F|  |TAMS 0x000000075e800000, 0x000000075e800000| Untracked 
| 757|0x000000075ea00000, 0x000000075ea00000, 0x000000075ec00000|  0%| F|  |TAMS 0x000000075ea00000, 0x000000075ea00000| Untracked 
| 758|0x000000075ec00000, 0x000000075ec00000, 0x000000075ee00000|  0%| F|  |TAMS 0x000000075ec00000, 0x000000075ec00000| Untracked 
| 759|0x000000075ee00000, 0x000000075ee00000, 0x000000075f000000|  0%| F|  |TAMS 0x000000075ee00000, 0x000000075ee00000| Untracked 
| 760|0x000000075f000000, 0x000000075f000000, 0x000000075f200000|  0%| F|  |TAMS 0x000000075f000000, 0x000000075f000000| Untracked 
| 761|0x000000075f200000, 0x000000075f200000, 0x000000075f400000|  0%| F|  |TAMS 0x000000075f200000, 0x000000075f200000| Untracked 
| 762|0x000000075f400000, 0x000000075f400000, 0x000000075f600000|  0%| F|  |TAMS 0x000000075f400000, 0x000000075f400000| Untracked 
| 763|0x000000075f600000, 0x000000075f600000, 0x000000075f800000|  0%| F|  |TAMS 0x000000075f600000, 0x000000075f600000| Untracked 
| 764|0x000000075f800000, 0x000000075f800000, 0x000000075fa00000|  0%| F|  |TAMS 0x000000075f800000, 0x000000075f800000| Untracked 
| 765|0x000000075fa00000, 0x000000075fa00000, 0x000000075fc00000|  0%| F|  |TAMS 0x000000075fa00000, 0x000000075fa00000| Untracked 
| 766|0x000000075fc00000, 0x000000075fc00000, 0x000000075fe00000|  0%| F|  |TAMS 0x000000075fc00000, 0x000000075fc00000| Untracked 
| 767|0x000000075fe00000, 0x000000075fe00000, 0x0000000760000000|  0%| F|  |TAMS 0x000000075fe00000, 0x000000075fe00000| Untracked 
| 768|0x0000000760000000, 0x0000000760000000, 0x0000000760200000|  0%| F|  |TAMS 0x0000000760000000, 0x0000000760000000| Untracked 
| 769|0x0000000760200000, 0x0000000760200000, 0x0000000760400000|  0%| F|  |TAMS 0x0000000760200000, 0x0000000760200000| Untracked 
| 770|0x0000000760400000, 0x0000000760400000, 0x0000000760600000|  0%| F|  |TAMS 0x0000000760400000, 0x0000000760400000| Untracked 
| 771|0x0000000760600000, 0x0000000760600000, 0x0000000760800000|  0%| F|  |TAMS 0x0000000760600000, 0x0000000760600000| Untracked 
| 772|0x0000000760800000, 0x0000000760800000, 0x0000000760a00000|  0%| F|  |TAMS 0x0000000760800000, 0x0000000760800000| Untracked 
| 773|0x0000000760a00000, 0x0000000760a00000, 0x0000000760c00000|  0%| F|  |TAMS 0x0000000760a00000, 0x0000000760a00000| Untracked 
| 774|0x0000000760c00000, 0x0000000760c00000, 0x0000000760e00000|  0%| F|  |TAMS 0x0000000760c00000, 0x0000000760c00000| Untracked 
| 775|0x0000000760e00000, 0x0000000760e00000, 0x0000000761000000|  0%| F|  |TAMS 0x0000000760e00000, 0x0000000760e00000| Untracked 
| 776|0x0000000761000000, 0x0000000761000000, 0x0000000761200000|  0%| F|  |TAMS 0x0000000761000000, 0x0000000761000000| Untracked 
| 777|0x0000000761200000, 0x0000000761200000, 0x0000000761400000|  0%| F|  |TAMS 0x0000000761200000, 0x0000000761200000| Untracked 
| 778|0x0000000761400000, 0x0000000761400000, 0x0000000761600000|  0%| F|  |TAMS 0x0000000761400000, 0x0000000761400000| Untracked 
| 779|0x0000000761600000, 0x0000000761600000, 0x0000000761800000|  0%| F|  |TAMS 0x0000000761600000, 0x0000000761600000| Untracked 
| 780|0x0000000761800000, 0x0000000761800000, 0x0000000761a00000|  0%| F|  |TAMS 0x0000000761800000, 0x0000000761800000| Untracked 
| 781|0x0000000761a00000, 0x0000000761a00000, 0x0000000761c00000|  0%| F|  |TAMS 0x0000000761a00000, 0x0000000761a00000| Untracked 
| 782|0x0000000761c00000, 0x0000000761c00000, 0x0000000761e00000|  0%| F|  |TAMS 0x0000000761c00000, 0x0000000761c00000| Untracked 
| 783|0x0000000761e00000, 0x0000000761e00000, 0x0000000762000000|  0%| F|  |TAMS 0x0000000761e00000, 0x0000000761e00000| Untracked 
| 784|0x0000000762000000, 0x0000000762000000, 0x0000000762200000|  0%| F|  |TAMS 0x0000000762000000, 0x0000000762000000| Untracked 
| 785|0x0000000762200000, 0x0000000762200000, 0x0000000762400000|  0%| F|  |TAMS 0x0000000762200000, 0x0000000762200000| Untracked 
| 786|0x0000000762400000, 0x0000000762400000, 0x0000000762600000|  0%| F|  |TAMS 0x0000000762400000, 0x0000000762400000| Untracked 
| 787|0x0000000762600000, 0x0000000762600000, 0x0000000762800000|  0%| F|  |TAMS 0x0000000762600000, 0x0000000762600000| Untracked 
| 788|0x0000000762800000, 0x0000000762800000, 0x0000000762a00000|  0%| F|  |TAMS 0x0000000762800000, 0x0000000762800000| Untracked 
| 789|0x0000000762a00000, 0x0000000762a00000, 0x0000000762c00000|  0%| F|  |TAMS 0x0000000762a00000, 0x0000000762a00000| Untracked 
| 790|0x0000000762c00000, 0x0000000762c00000, 0x0000000762e00000|  0%| F|  |TAMS 0x0000000762c00000, 0x0000000762c00000| Untracked 
| 791|0x0000000762e00000, 0x0000000762e00000, 0x0000000763000000|  0%| F|  |TAMS 0x0000000762e00000, 0x0000000762e00000| Untracked 
| 792|0x0000000763000000, 0x0000000763000000, 0x0000000763200000|  0%| F|  |TAMS 0x0000000763000000, 0x0000000763000000| Untracked 
| 793|0x0000000763200000, 0x0000000763200000, 0x0000000763400000|  0%| F|  |TAMS 0x0000000763200000, 0x0000000763200000| Untracked 
| 794|0x0000000763400000, 0x0000000763400000, 0x0000000763600000|  0%| F|  |TAMS 0x0000000763400000, 0x0000000763400000| Untracked 
| 795|0x0000000763600000, 0x0000000763600000, 0x0000000763800000|  0%| F|  |TAMS 0x0000000763600000, 0x0000000763600000| Untracked 
| 796|0x0000000763800000, 0x0000000763800000, 0x0000000763a00000|  0%| F|  |TAMS 0x0000000763800000, 0x0000000763800000| Untracked 
| 797|0x0000000763a00000, 0x0000000763a00000, 0x0000000763c00000|  0%| F|  |TAMS 0x0000000763a00000, 0x0000000763a00000| Untracked 
| 798|0x0000000763c00000, 0x0000000763c00000, 0x0000000763e00000|  0%| F|  |TAMS 0x0000000763c00000, 0x0000000763c00000| Untracked 
| 799|0x0000000763e00000, 0x0000000763e00000, 0x0000000764000000|  0%| F|  |TAMS 0x0000000763e00000, 0x0000000763e00000| Untracked 
| 800|0x0000000764000000, 0x0000000764000000, 0x0000000764200000|  0%| F|  |TAMS 0x0000000764000000, 0x0000000764000000| Untracked 
| 801|0x0000000764200000, 0x0000000764200000, 0x0000000764400000|  0%| F|  |TAMS 0x0000000764200000, 0x0000000764200000| Untracked 
| 802|0x0000000764400000, 0x0000000764400000, 0x0000000764600000|  0%| F|  |TAMS 0x0000000764400000, 0x0000000764400000| Untracked 
| 803|0x0000000764600000, 0x0000000764600000, 0x0000000764800000|  0%| F|  |TAMS 0x0000000764600000, 0x0000000764600000| Untracked 
| 804|0x0000000764800000, 0x0000000764800000, 0x0000000764a00000|  0%| F|  |TAMS 0x0000000764800000, 0x0000000764800000| Untracked 
| 805|0x0000000764a00000, 0x0000000764a00000, 0x0000000764c00000|  0%| F|  |TAMS 0x0000000764a00000, 0x0000000764a00000| Untracked 
| 806|0x0000000764c00000, 0x0000000764c00000, 0x0000000764e00000|  0%| F|  |TAMS 0x0000000764c00000, 0x0000000764c00000| Untracked 
| 807|0x0000000764e00000, 0x0000000764e00000, 0x0000000765000000|  0%| F|  |TAMS 0x0000000764e00000, 0x0000000764e00000| Untracked 
| 808|0x0000000765000000, 0x0000000765000000, 0x0000000765200000|  0%| F|  |TAMS 0x0000000765000000, 0x0000000765000000| Untracked 
| 809|0x0000000765200000, 0x0000000765200000, 0x0000000765400000|  0%| F|  |TAMS 0x0000000765200000, 0x0000000765200000| Untracked 
| 810|0x0000000765400000, 0x0000000765400000, 0x0000000765600000|  0%| F|  |TAMS 0x0000000765400000, 0x0000000765400000| Untracked 
| 811|0x0000000765600000, 0x0000000765600000, 0x0000000765800000|  0%| F|  |TAMS 0x0000000765600000, 0x0000000765600000| Untracked 
| 812|0x0000000765800000, 0x0000000765800000, 0x0000000765a00000|  0%| F|  |TAMS 0x0000000765800000, 0x0000000765800000| Untracked 
| 813|0x0000000765a00000, 0x0000000765a00000, 0x0000000765c00000|  0%| F|  |TAMS 0x0000000765a00000, 0x0000000765a00000| Untracked 
| 814|0x0000000765c00000, 0x0000000765c00000, 0x0000000765e00000|  0%| F|  |TAMS 0x0000000765c00000, 0x0000000765c00000| Untracked 
| 815|0x0000000765e00000, 0x0000000765e00000, 0x0000000766000000|  0%| F|  |TAMS 0x0000000765e00000, 0x0000000765e00000| Untracked 
| 816|0x0000000766000000, 0x0000000766000000, 0x0000000766200000|  0%| F|  |TAMS 0x0000000766000000, 0x0000000766000000| Untracked 
| 817|0x0000000766200000, 0x0000000766200000, 0x0000000766400000|  0%| F|  |TAMS 0x0000000766200000, 0x0000000766200000| Untracked 
| 818|0x0000000766400000, 0x0000000766400000, 0x0000000766600000|  0%| F|  |TAMS 0x0000000766400000, 0x0000000766400000| Untracked 
| 819|0x0000000766600000, 0x0000000766600000, 0x0000000766800000|  0%| F|  |TAMS 0x0000000766600000, 0x0000000766600000| Untracked 
| 820|0x0000000766800000, 0x0000000766800000, 0x0000000766a00000|  0%| F|  |TAMS 0x0000000766800000, 0x0000000766800000| Untracked 
| 821|0x0000000766a00000, 0x0000000766a00000, 0x0000000766c00000|  0%| F|  |TAMS 0x0000000766a00000, 0x0000000766a00000| Untracked 
| 822|0x0000000766c00000, 0x0000000766c00000, 0x0000000766e00000|  0%| F|  |TAMS 0x0000000766c00000, 0x0000000766c00000| Untracked 
| 823|0x0000000766e00000, 0x0000000766e00000, 0x0000000767000000|  0%| F|  |TAMS 0x0000000766e00000, 0x0000000766e00000| Untracked 
| 824|0x0000000767000000, 0x0000000767000000, 0x0000000767200000|  0%| F|  |TAMS 0x0000000767000000, 0x0000000767000000| Untracked 
| 825|0x0000000767200000, 0x0000000767200000, 0x0000000767400000|  0%| F|  |TAMS 0x0000000767200000, 0x0000000767200000| Untracked 
| 826|0x0000000767400000, 0x0000000767400000, 0x0000000767600000|  0%| F|  |TAMS 0x0000000767400000, 0x0000000767400000| Untracked 
| 827|0x0000000767600000, 0x0000000767600000, 0x0000000767800000|  0%| F|  |TAMS 0x0000000767600000, 0x0000000767600000| Untracked 
| 828|0x0000000767800000, 0x0000000767800000, 0x0000000767a00000|  0%| F|  |TAMS 0x0000000767800000, 0x0000000767800000| Untracked 
| 829|0x0000000767a00000, 0x0000000767a00000, 0x0000000767c00000|  0%| F|  |TAMS 0x0000000767a00000, 0x0000000767a00000| Untracked 
| 830|0x0000000767c00000, 0x0000000767c00000, 0x0000000767e00000|  0%| F|  |TAMS 0x0000000767c00000, 0x0000000767c00000| Untracked 
| 831|0x0000000767e00000, 0x0000000767e00000, 0x0000000768000000|  0%| F|  |TAMS 0x0000000767e00000, 0x0000000767e00000| Untracked 
| 832|0x0000000768000000, 0x0000000768000000, 0x0000000768200000|  0%| F|  |TAMS 0x0000000768000000, 0x0000000768000000| Untracked 
| 833|0x0000000768200000, 0x0000000768200000, 0x0000000768400000|  0%| F|  |TAMS 0x0000000768200000, 0x0000000768200000| Untracked 
| 834|0x0000000768400000, 0x0000000768400000, 0x0000000768600000|  0%| F|  |TAMS 0x0000000768400000, 0x0000000768400000| Untracked 
| 835|0x0000000768600000, 0x0000000768600000, 0x0000000768800000|  0%| F|  |TAMS 0x0000000768600000, 0x0000000768600000| Untracked 
| 836|0x0000000768800000, 0x0000000768800000, 0x0000000768a00000|  0%| F|  |TAMS 0x0000000768800000, 0x0000000768800000| Untracked 
| 837|0x0000000768a00000, 0x0000000768a00000, 0x0000000768c00000|  0%| F|  |TAMS 0x0000000768a00000, 0x0000000768a00000| Untracked 
| 838|0x0000000768c00000, 0x0000000768c00000, 0x0000000768e00000|  0%| F|  |TAMS 0x0000000768c00000, 0x0000000768c00000| Untracked 
| 839|0x0000000768e00000, 0x0000000768e00000, 0x0000000769000000|  0%| F|  |TAMS 0x0000000768e00000, 0x0000000768e00000| Untracked 
| 840|0x0000000769000000, 0x0000000769000000, 0x0000000769200000|  0%| F|  |TAMS 0x0000000769000000, 0x0000000769000000| Untracked 
| 841|0x0000000769200000, 0x0000000769200000, 0x0000000769400000|  0%| F|  |TAMS 0x0000000769200000, 0x0000000769200000| Untracked 
| 842|0x0000000769400000, 0x0000000769400000, 0x0000000769600000|  0%| F|  |TAMS 0x0000000769400000, 0x0000000769400000| Untracked 
| 843|0x0000000769600000, 0x0000000769600000, 0x0000000769800000|  0%| F|  |TAMS 0x0000000769600000, 0x0000000769600000| Untracked 
| 844|0x0000000769800000, 0x0000000769800000, 0x0000000769a00000|  0%| F|  |TAMS 0x0000000769800000, 0x0000000769800000| Untracked 
| 845|0x0000000769a00000, 0x0000000769a00000, 0x0000000769c00000|  0%| F|  |TAMS 0x0000000769a00000, 0x0000000769a00000| Untracked 
| 846|0x0000000769c00000, 0x0000000769c00000, 0x0000000769e00000|  0%| F|  |TAMS 0x0000000769c00000, 0x0000000769c00000| Untracked 
| 847|0x0000000769e00000, 0x0000000769e00000, 0x000000076a000000|  0%| F|  |TAMS 0x0000000769e00000, 0x0000000769e00000| Untracked 
| 848|0x000000076a000000, 0x000000076a000000, 0x000000076a200000|  0%| F|  |TAMS 0x000000076a000000, 0x000000076a000000| Untracked 
| 849|0x000000076a200000, 0x000000076a200000, 0x000000076a400000|  0%| F|  |TAMS 0x000000076a200000, 0x000000076a200000| Untracked 
| 850|0x000000076a400000, 0x000000076a400000, 0x000000076a600000|  0%| F|  |TAMS 0x000000076a400000, 0x000000076a400000| Untracked 
| 851|0x000000076a600000, 0x000000076a600000, 0x000000076a800000|  0%| F|  |TAMS 0x000000076a600000, 0x000000076a600000| Untracked 
| 852|0x000000076a800000, 0x000000076a800000, 0x000000076aa00000|  0%| F|  |TAMS 0x000000076a800000, 0x000000076a800000| Untracked 
| 853|0x000000076aa00000, 0x000000076aa00000, 0x000000076ac00000|  0%| F|  |TAMS 0x000000076aa00000, 0x000000076aa00000| Untracked 
| 854|0x000000076ac00000, 0x000000076ac00000, 0x000000076ae00000|  0%| F|  |TAMS 0x000000076ac00000, 0x000000076ac00000| Untracked 
| 855|0x000000076ae00000, 0x000000076ae00000, 0x000000076b000000|  0%| F|  |TAMS 0x000000076ae00000, 0x000000076ae00000| Untracked 
| 856|0x000000076b000000, 0x000000076b000000, 0x000000076b200000|  0%| F|  |TAMS 0x000000076b000000, 0x000000076b000000| Untracked 
| 857|0x000000076b200000, 0x000000076b200000, 0x000000076b400000|  0%| F|  |TAMS 0x000000076b200000, 0x000000076b200000| Untracked 
| 858|0x000000076b400000, 0x000000076b400000, 0x000000076b600000|  0%| F|  |TAMS 0x000000076b400000, 0x000000076b400000| Untracked 
| 859|0x000000076b600000, 0x000000076b600000, 0x000000076b800000|  0%| F|  |TAMS 0x000000076b600000, 0x000000076b600000| Untracked 
| 860|0x000000076b800000, 0x000000076b800000, 0x000000076ba00000|  0%| F|  |TAMS 0x000000076b800000, 0x000000076b800000| Untracked 
| 861|0x000000076ba00000, 0x000000076ba00000, 0x000000076bc00000|  0%| F|  |TAMS 0x000000076ba00000, 0x000000076ba00000| Untracked 
| 862|0x000000076bc00000, 0x000000076bc00000, 0x000000076be00000|  0%| F|  |TAMS 0x000000076bc00000, 0x000000076bc00000| Untracked 
| 863|0x000000076be00000, 0x000000076be00000, 0x000000076c000000|  0%| F|  |TAMS 0x000000076be00000, 0x000000076be00000| Untracked 
| 864|0x000000076c000000, 0x000000076c000000, 0x000000076c200000|  0%| F|  |TAMS 0x000000076c000000, 0x000000076c000000| Untracked 
| 865|0x000000076c200000, 0x000000076c200000, 0x000000076c400000|  0%| F|  |TAMS 0x000000076c200000, 0x000000076c200000| Untracked 
| 866|0x000000076c400000, 0x000000076c400000, 0x000000076c600000|  0%| F|  |TAMS 0x000000076c400000, 0x000000076c400000| Untracked 
| 867|0x000000076c600000, 0x000000076c600000, 0x000000076c800000|  0%| F|  |TAMS 0x000000076c600000, 0x000000076c600000| Untracked 
| 868|0x000000076c800000, 0x000000076c800000, 0x000000076ca00000|  0%| F|  |TAMS 0x000000076c800000, 0x000000076c800000| Untracked 
| 869|0x000000076ca00000, 0x000000076ca00000, 0x000000076cc00000|  0%| F|  |TAMS 0x000000076ca00000, 0x000000076ca00000| Untracked 
| 870|0x000000076cc00000, 0x000000076cc00000, 0x000000076ce00000|  0%| F|  |TAMS 0x000000076cc00000, 0x000000076cc00000| Untracked 
| 871|0x000000076ce00000, 0x000000076ce00000, 0x000000076d000000|  0%| F|  |TAMS 0x000000076ce00000, 0x000000076ce00000| Untracked 
| 872|0x000000076d000000, 0x000000076d000000, 0x000000076d200000|  0%| F|  |TAMS 0x000000076d000000, 0x000000076d000000| Untracked 
| 873|0x000000076d200000, 0x000000076d200000, 0x000000076d400000|  0%| F|  |TAMS 0x000000076d200000, 0x000000076d200000| Untracked 
| 874|0x000000076d400000, 0x000000076d400000, 0x000000076d600000|  0%| F|  |TAMS 0x000000076d400000, 0x000000076d400000| Untracked 
| 875|0x000000076d600000, 0x000000076d600000, 0x000000076d800000|  0%| F|  |TAMS 0x000000076d600000, 0x000000076d600000| Untracked 
| 876|0x000000076d800000, 0x000000076d800000, 0x000000076da00000|  0%| F|  |TAMS 0x000000076d800000, 0x000000076d800000| Untracked 
| 877|0x000000076da00000, 0x000000076da00000, 0x000000076dc00000|  0%| F|  |TAMS 0x000000076da00000, 0x000000076da00000| Untracked 
| 878|0x000000076dc00000, 0x000000076dc00000, 0x000000076de00000|  0%| F|  |TAMS 0x000000076dc00000, 0x000000076dc00000| Untracked 
| 879|0x000000076de00000, 0x000000076de00000, 0x000000076e000000|  0%| F|  |TAMS 0x000000076de00000, 0x000000076de00000| Untracked 
| 880|0x000000076e000000, 0x000000076e000000, 0x000000076e200000|  0%| F|  |TAMS 0x000000076e000000, 0x000000076e000000| Untracked 
| 881|0x000000076e200000, 0x000000076e200000, 0x000000076e400000|  0%| F|  |TAMS 0x000000076e200000, 0x000000076e200000| Untracked 
| 882|0x000000076e400000, 0x000000076e400000, 0x000000076e600000|  0%| F|  |TAMS 0x000000076e400000, 0x000000076e400000| Untracked 
| 883|0x000000076e600000, 0x000000076e600000, 0x000000076e800000|  0%| F|  |TAMS 0x000000076e600000, 0x000000076e600000| Untracked 
| 884|0x000000076e800000, 0x000000076e800000, 0x000000076ea00000|  0%| F|  |TAMS 0x000000076e800000, 0x000000076e800000| Untracked 
| 885|0x000000076ea00000, 0x000000076ea00000, 0x000000076ec00000|  0%| F|  |TAMS 0x000000076ea00000, 0x000000076ea00000| Untracked 
| 886|0x000000076ec00000, 0x000000076ec00000, 0x000000076ee00000|  0%| F|  |TAMS 0x000000076ec00000, 0x000000076ec00000| Untracked 
| 887|0x000000076ee00000, 0x000000076ee00000, 0x000000076f000000|  0%| F|  |TAMS 0x000000076ee00000, 0x000000076ee00000| Untracked 
| 888|0x000000076f000000, 0x000000076f000000, 0x000000076f200000|  0%| F|  |TAMS 0x000000076f000000, 0x000000076f000000| Untracked 
| 889|0x000000076f200000, 0x000000076f200000, 0x000000076f400000|  0%| F|  |TAMS 0x000000076f200000, 0x000000076f200000| Untracked 
| 890|0x000000076f400000, 0x000000076f400000, 0x000000076f600000|  0%| F|  |TAMS 0x000000076f400000, 0x000000076f400000| Untracked 
| 891|0x000000076f600000, 0x000000076f600000, 0x000000076f800000|  0%| F|  |TAMS 0x000000076f600000, 0x000000076f600000| Untracked 
| 892|0x000000076f800000, 0x000000076f800000, 0x000000076fa00000|  0%| F|  |TAMS 0x000000076f800000, 0x000000076f800000| Untracked 
| 893|0x000000076fa00000, 0x000000076fa00000, 0x000000076fc00000|  0%| F|  |TAMS 0x000000076fa00000, 0x000000076fa00000| Untracked 
| 894|0x000000076fc00000, 0x000000076fc00000, 0x000000076fe00000|  0%| F|  |TAMS 0x000000076fc00000, 0x000000076fc00000| Untracked 
| 895|0x000000076fe00000, 0x000000076fe00000, 0x0000000770000000|  0%| F|  |TAMS 0x000000076fe00000, 0x000000076fe00000| Untracked 
| 896|0x0000000770000000, 0x0000000770000000, 0x0000000770200000|  0%| F|  |TAMS 0x0000000770000000, 0x0000000770000000| Untracked 
| 897|0x0000000770200000, 0x0000000770200000, 0x0000000770400000|  0%| F|  |TAMS 0x0000000770200000, 0x0000000770200000| Untracked 
| 898|0x0000000770400000, 0x0000000770400000, 0x0000000770600000|  0%| F|  |TAMS 0x0000000770400000, 0x0000000770400000| Untracked 
| 899|0x0000000770600000, 0x0000000770600000, 0x0000000770800000|  0%| F|  |TAMS 0x0000000770600000, 0x0000000770600000| Untracked 
| 900|0x0000000770800000, 0x0000000770800000, 0x0000000770a00000|  0%| F|  |TAMS 0x0000000770800000, 0x0000000770800000| Untracked 
| 901|0x0000000770a00000, 0x0000000770a00000, 0x0000000770c00000|  0%| F|  |TAMS 0x0000000770a00000, 0x0000000770a00000| Untracked 
| 902|0x0000000770c00000, 0x0000000770c00000, 0x0000000770e00000|  0%| F|  |TAMS 0x0000000770c00000, 0x0000000770c00000| Untracked 
| 903|0x0000000770e00000, 0x0000000770e00000, 0x0000000771000000|  0%| F|  |TAMS 0x0000000770e00000, 0x0000000770e00000| Untracked 
| 904|0x0000000771000000, 0x0000000771000000, 0x0000000771200000|  0%| F|  |TAMS 0x0000000771000000, 0x0000000771000000| Untracked 
| 905|0x0000000771200000, 0x0000000771200000, 0x0000000771400000|  0%| F|  |TAMS 0x0000000771200000, 0x0000000771200000| Untracked 
| 906|0x0000000771400000, 0x0000000771400000, 0x0000000771600000|  0%| F|  |TAMS 0x0000000771400000, 0x0000000771400000| Untracked 
| 907|0x0000000771600000, 0x0000000771600000, 0x0000000771800000|  0%| F|  |TAMS 0x0000000771600000, 0x0000000771600000| Untracked 
| 908|0x0000000771800000, 0x0000000771800000, 0x0000000771a00000|  0%| F|  |TAMS 0x0000000771800000, 0x0000000771800000| Untracked 
| 909|0x0000000771a00000, 0x0000000771a00000, 0x0000000771c00000|  0%| F|  |TAMS 0x0000000771a00000, 0x0000000771a00000| Untracked 
| 910|0x0000000771c00000, 0x0000000771c00000, 0x0000000771e00000|  0%| F|  |TAMS 0x0000000771c00000, 0x0000000771c00000| Untracked 
| 911|0x0000000771e00000, 0x0000000771e00000, 0x0000000772000000|  0%| F|  |TAMS 0x0000000771e00000, 0x0000000771e00000| Untracked 
| 912|0x0000000772000000, 0x0000000772000000, 0x0000000772200000|  0%| F|  |TAMS 0x0000000772000000, 0x0000000772000000| Untracked 
| 913|0x0000000772200000, 0x0000000772200000, 0x0000000772400000|  0%| F|  |TAMS 0x0000000772200000, 0x0000000772200000| Untracked 
| 914|0x0000000772400000, 0x0000000772400000, 0x0000000772600000|  0%| F|  |TAMS 0x0000000772400000, 0x0000000772400000| Untracked 
| 915|0x0000000772600000, 0x0000000772600000, 0x0000000772800000|  0%| F|  |TAMS 0x0000000772600000, 0x0000000772600000| Untracked 
| 916|0x0000000772800000, 0x0000000772800000, 0x0000000772a00000|  0%| F|  |TAMS 0x0000000772800000, 0x0000000772800000| Untracked 
| 917|0x0000000772a00000, 0x0000000772a00000, 0x0000000772c00000|  0%| F|  |TAMS 0x0000000772a00000, 0x0000000772a00000| Untracked 
| 918|0x0000000772c00000, 0x0000000772c00000, 0x0000000772e00000|  0%| F|  |TAMS 0x0000000772c00000, 0x0000000772c00000| Untracked 
| 919|0x0000000772e00000, 0x0000000772e00000, 0x0000000773000000|  0%| F|  |TAMS 0x0000000772e00000, 0x0000000772e00000| Untracked 
| 920|0x0000000773000000, 0x0000000773000000, 0x0000000773200000|  0%| F|  |TAMS 0x0000000773000000, 0x0000000773000000| Untracked 
| 921|0x0000000773200000, 0x0000000773200000, 0x0000000773400000|  0%| F|  |TAMS 0x0000000773200000, 0x0000000773200000| Untracked 
| 922|0x0000000773400000, 0x0000000773400000, 0x0000000773600000|  0%| F|  |TAMS 0x0000000773400000, 0x0000000773400000| Untracked 
| 923|0x0000000773600000, 0x0000000773600000, 0x0000000773800000|  0%| F|  |TAMS 0x0000000773600000, 0x0000000773600000| Untracked 
| 924|0x0000000773800000, 0x0000000773800000, 0x0000000773a00000|  0%| F|  |TAMS 0x0000000773800000, 0x0000000773800000| Untracked 
| 925|0x0000000773a00000, 0x0000000773a00000, 0x0000000773c00000|  0%| F|  |TAMS 0x0000000773a00000, 0x0000000773a00000| Untracked 
| 926|0x0000000773c00000, 0x0000000773c00000, 0x0000000773e00000|  0%| F|  |TAMS 0x0000000773c00000, 0x0000000773c00000| Untracked 
| 927|0x0000000773e00000, 0x0000000773e00000, 0x0000000774000000|  0%| F|  |TAMS 0x0000000773e00000, 0x0000000773e00000| Untracked 
| 928|0x0000000774000000, 0x0000000774000000, 0x0000000774200000|  0%| F|  |TAMS 0x0000000774000000, 0x0000000774000000| Untracked 
| 929|0x0000000774200000, 0x0000000774200000, 0x0000000774400000|  0%| F|  |TAMS 0x0000000774200000, 0x0000000774200000| Untracked 
| 930|0x0000000774400000, 0x0000000774400000, 0x0000000774600000|  0%| F|  |TAMS 0x0000000774400000, 0x0000000774400000| Untracked 
| 931|0x0000000774600000, 0x0000000774600000, 0x0000000774800000|  0%| F|  |TAMS 0x0000000774600000, 0x0000000774600000| Untracked 
| 932|0x0000000774800000, 0x0000000774800000, 0x0000000774a00000|  0%| F|  |TAMS 0x0000000774800000, 0x0000000774800000| Untracked 
| 933|0x0000000774a00000, 0x0000000774a00000, 0x0000000774c00000|  0%| F|  |TAMS 0x0000000774a00000, 0x0000000774a00000| Untracked 
| 934|0x0000000774c00000, 0x0000000774c00000, 0x0000000774e00000|  0%| F|  |TAMS 0x0000000774c00000, 0x0000000774c00000| Untracked 
| 935|0x0000000774e00000, 0x0000000774e00000, 0x0000000775000000|  0%| F|  |TAMS 0x0000000774e00000, 0x0000000774e00000| Untracked 
| 936|0x0000000775000000, 0x0000000775000000, 0x0000000775200000|  0%| F|  |TAMS 0x0000000775000000, 0x0000000775000000| Untracked 
| 937|0x0000000775200000, 0x0000000775200000, 0x0000000775400000|  0%| F|  |TAMS 0x0000000775200000, 0x0000000775200000| Untracked 
| 938|0x0000000775400000, 0x0000000775400000, 0x0000000775600000|  0%| F|  |TAMS 0x0000000775400000, 0x0000000775400000| Untracked 
| 939|0x0000000775600000, 0x0000000775600000, 0x0000000775800000|  0%| F|  |TAMS 0x0000000775600000, 0x0000000775600000| Untracked 
| 940|0x0000000775800000, 0x0000000775800000, 0x0000000775a00000|  0%| F|  |TAMS 0x0000000775800000, 0x0000000775800000| Untracked 
| 941|0x0000000775a00000, 0x0000000775a00000, 0x0000000775c00000|  0%| F|  |TAMS 0x0000000775a00000, 0x0000000775a00000| Untracked 
| 942|0x0000000775c00000, 0x0000000775c00000, 0x0000000775e00000|  0%| F|  |TAMS 0x0000000775c00000, 0x0000000775c00000| Untracked 
| 943|0x0000000775e00000, 0x0000000775e00000, 0x0000000776000000|  0%| F|  |TAMS 0x0000000775e00000, 0x0000000775e00000| Untracked 
| 944|0x0000000776000000, 0x0000000776000000, 0x0000000776200000|  0%| F|  |TAMS 0x0000000776000000, 0x0000000776000000| Untracked 
| 945|0x0000000776200000, 0x0000000776200000, 0x0000000776400000|  0%| F|  |TAMS 0x0000000776200000, 0x0000000776200000| Untracked 
| 946|0x0000000776400000, 0x0000000776400000, 0x0000000776600000|  0%| F|  |TAMS 0x0000000776400000, 0x0000000776400000| Untracked 
| 947|0x0000000776600000, 0x0000000776600000, 0x0000000776800000|  0%| F|  |TAMS 0x0000000776600000, 0x0000000776600000| Untracked 
| 948|0x0000000776800000, 0x0000000776800000, 0x0000000776a00000|  0%| F|  |TAMS 0x0000000776800000, 0x0000000776800000| Untracked 
| 949|0x0000000776a00000, 0x0000000776a00000, 0x0000000776c00000|  0%| F|  |TAMS 0x0000000776a00000, 0x0000000776a00000| Untracked 
| 950|0x0000000776c00000, 0x0000000776c00000, 0x0000000776e00000|  0%| F|  |TAMS 0x0000000776c00000, 0x0000000776c00000| Untracked 
| 951|0x0000000776e00000, 0x0000000776e00000, 0x0000000777000000|  0%| F|  |TAMS 0x0000000776e00000, 0x0000000776e00000| Untracked 
| 952|0x0000000777000000, 0x0000000777000000, 0x0000000777200000|  0%| F|  |TAMS 0x0000000777000000, 0x0000000777000000| Untracked 
| 953|0x0000000777200000, 0x0000000777200000, 0x0000000777400000|  0%| F|  |TAMS 0x0000000777200000, 0x0000000777200000| Untracked 
| 954|0x0000000777400000, 0x0000000777400000, 0x0000000777600000|  0%| F|  |TAMS 0x0000000777400000, 0x0000000777400000| Untracked 
| 955|0x0000000777600000, 0x0000000777600000, 0x0000000777800000|  0%| F|  |TAMS 0x0000000777600000, 0x0000000777600000| Untracked 
| 956|0x0000000777800000, 0x0000000777800000, 0x0000000777a00000|  0%| F|  |TAMS 0x0000000777800000, 0x0000000777800000| Untracked 
| 957|0x0000000777a00000, 0x0000000777a00000, 0x0000000777c00000|  0%| F|  |TAMS 0x0000000777a00000, 0x0000000777a00000| Untracked 
| 958|0x0000000777c00000, 0x0000000777c00000, 0x0000000777e00000|  0%| F|  |TAMS 0x0000000777c00000, 0x0000000777c00000| Untracked 
| 959|0x0000000777e00000, 0x0000000777e00000, 0x0000000778000000|  0%| F|  |TAMS 0x0000000777e00000, 0x0000000777e00000| Untracked 
| 960|0x0000000778000000, 0x0000000778000000, 0x0000000778200000|  0%| F|  |TAMS 0x0000000778000000, 0x0000000778000000| Untracked 
| 961|0x0000000778200000, 0x0000000778200000, 0x0000000778400000|  0%| F|  |TAMS 0x0000000778200000, 0x0000000778200000| Untracked 
| 962|0x0000000778400000, 0x0000000778400000, 0x0000000778600000|  0%| F|  |TAMS 0x0000000778400000, 0x0000000778400000| Untracked 
| 963|0x0000000778600000, 0x0000000778600000, 0x0000000778800000|  0%| F|  |TAMS 0x0000000778600000, 0x0000000778600000| Untracked 
| 964|0x0000000778800000, 0x0000000778800000, 0x0000000778a00000|  0%| F|  |TAMS 0x0000000778800000, 0x0000000778800000| Untracked 
| 965|0x0000000778a00000, 0x0000000778a00000, 0x0000000778c00000|  0%| F|  |TAMS 0x0000000778a00000, 0x0000000778a00000| Untracked 
| 966|0x0000000778c00000, 0x0000000778c00000, 0x0000000778e00000|  0%| F|  |TAMS 0x0000000778c00000, 0x0000000778c00000| Untracked 
| 967|0x0000000778e00000, 0x0000000778e00000, 0x0000000779000000|  0%| F|  |TAMS 0x0000000778e00000, 0x0000000778e00000| Untracked 
| 968|0x0000000779000000, 0x0000000779000000, 0x0000000779200000|  0%| F|  |TAMS 0x0000000779000000, 0x0000000779000000| Untracked 
| 969|0x0000000779200000, 0x0000000779200000, 0x0000000779400000|  0%| F|  |TAMS 0x0000000779200000, 0x0000000779200000| Untracked 
| 970|0x0000000779400000, 0x0000000779400000, 0x0000000779600000|  0%| F|  |TAMS 0x0000000779400000, 0x0000000779400000| Untracked 
| 971|0x0000000779600000, 0x0000000779600000, 0x0000000779800000|  0%| F|  |TAMS 0x0000000779600000, 0x0000000779600000| Untracked 
| 972|0x0000000779800000, 0x0000000779800000, 0x0000000779a00000|  0%| F|  |TAMS 0x0000000779800000, 0x0000000779800000| Untracked 
| 973|0x0000000779a00000, 0x0000000779a00000, 0x0000000779c00000|  0%| F|  |TAMS 0x0000000779a00000, 0x0000000779a00000| Untracked 
| 974|0x0000000779c00000, 0x0000000779c00000, 0x0000000779e00000|  0%| F|  |TAMS 0x0000000779c00000, 0x0000000779c00000| Untracked 
| 975|0x0000000779e00000, 0x0000000779e00000, 0x000000077a000000|  0%| F|  |TAMS 0x0000000779e00000, 0x0000000779e00000| Untracked 
| 976|0x000000077a000000, 0x000000077a000000, 0x000000077a200000|  0%| F|  |TAMS 0x000000077a000000, 0x000000077a000000| Untracked 
| 977|0x000000077a200000, 0x000000077a200000, 0x000000077a400000|  0%| F|  |TAMS 0x000000077a200000, 0x000000077a200000| Untracked 
| 978|0x000000077a400000, 0x000000077a400000, 0x000000077a600000|  0%| F|  |TAMS 0x000000077a400000, 0x000000077a400000| Untracked 
| 979|0x000000077a600000, 0x000000077a600000, 0x000000077a800000|  0%| F|  |TAMS 0x000000077a600000, 0x000000077a600000| Untracked 
| 980|0x000000077a800000, 0x000000077a800000, 0x000000077aa00000|  0%| F|  |TAMS 0x000000077a800000, 0x000000077a800000| Untracked 
| 981|0x000000077aa00000, 0x000000077aa00000, 0x000000077ac00000|  0%| F|  |TAMS 0x000000077aa00000, 0x000000077aa00000| Untracked 
| 982|0x000000077ac00000, 0x000000077ac00000, 0x000000077ae00000|  0%| F|  |TAMS 0x000000077ac00000, 0x000000077ac00000| Untracked 
| 983|0x000000077ae00000, 0x000000077ae00000, 0x000000077b000000|  0%| F|  |TAMS 0x000000077ae00000, 0x000000077ae00000| Untracked 
| 984|0x000000077b000000, 0x000000077b000000, 0x000000077b200000|  0%| F|  |TAMS 0x000000077b000000, 0x000000077b000000| Untracked 
| 985|0x000000077b200000, 0x000000077b200000, 0x000000077b400000|  0%| F|  |TAMS 0x000000077b200000, 0x000000077b200000| Untracked 
| 986|0x000000077b400000, 0x000000077b400000, 0x000000077b600000|  0%| F|  |TAMS 0x000000077b400000, 0x000000077b400000| Untracked 
| 987|0x000000077b600000, 0x000000077b600000, 0x000000077b800000|  0%| F|  |TAMS 0x000000077b600000, 0x000000077b600000| Untracked 
| 988|0x000000077b800000, 0x000000077b800000, 0x000000077ba00000|  0%| F|  |TAMS 0x000000077b800000, 0x000000077b800000| Untracked 
| 989|0x000000077ba00000, 0x000000077ba00000, 0x000000077bc00000|  0%| F|  |TAMS 0x000000077ba00000, 0x000000077ba00000| Untracked 
| 990|0x000000077bc00000, 0x000000077bc00000, 0x000000077be00000|  0%| F|  |TAMS 0x000000077bc00000, 0x000000077bc00000| Untracked 
| 991|0x000000077be00000, 0x000000077be00000, 0x000000077c000000|  0%| F|  |TAMS 0x000000077be00000, 0x000000077be00000| Untracked 
| 992|0x000000077c000000, 0x000000077c000000, 0x000000077c200000|  0%| F|  |TAMS 0x000000077c000000, 0x000000077c000000| Untracked 
| 993|0x000000077c200000, 0x000000077c200000, 0x000000077c400000|  0%| F|  |TAMS 0x000000077c200000, 0x000000077c200000| Untracked 
| 994|0x000000077c400000, 0x000000077c400000, 0x000000077c600000|  0%| F|  |TAMS 0x000000077c400000, 0x000000077c400000| Untracked 
| 995|0x000000077c600000, 0x000000077c600000, 0x000000077c800000|  0%| F|  |TAMS 0x000000077c600000, 0x000000077c600000| Untracked 
| 996|0x000000077c800000, 0x000000077c800000, 0x000000077ca00000|  0%| F|  |TAMS 0x000000077c800000, 0x000000077c800000| Untracked 
| 997|0x000000077ca00000, 0x000000077ca00000, 0x000000077cc00000|  0%| F|  |TAMS 0x000000077ca00000, 0x000000077ca00000| Untracked 
| 998|0x000000077cc00000, 0x000000077cc00000, 0x000000077ce00000|  0%| F|  |TAMS 0x000000077cc00000, 0x000000077cc00000| Untracked 
| 999|0x000000077ce00000, 0x000000077ce00000, 0x000000077d000000|  0%| F|  |TAMS 0x000000077ce00000, 0x000000077ce00000| Untracked 
|1000|0x000000077d000000, 0x000000077d000000, 0x000000077d200000|  0%| F|  |TAMS 0x000000077d000000, 0x000000077d000000| Untracked 
|1001|0x000000077d200000, 0x000000077d200000, 0x000000077d400000|  0%| F|  |TAMS 0x000000077d200000, 0x000000077d200000| Untracked 
|1002|0x000000077d400000, 0x000000077d400000, 0x000000077d600000|  0%| F|  |TAMS 0x000000077d400000, 0x000000077d400000| Untracked 
|1003|0x000000077d600000, 0x000000077d600000, 0x000000077d800000|  0%| F|  |TAMS 0x000000077d600000, 0x000000077d600000| Untracked 
|1004|0x000000077d800000, 0x000000077d800000, 0x000000077da00000|  0%| F|  |TAMS 0x000000077d800000, 0x000000077d800000| Untracked 
|1005|0x000000077da00000, 0x000000077da00000, 0x000000077dc00000|  0%| F|  |TAMS 0x000000077da00000, 0x000000077da00000| Untracked 
|1006|0x000000077dc00000, 0x000000077dc00000, 0x000000077de00000|  0%| F|  |TAMS 0x000000077dc00000, 0x000000077dc00000| Untracked 
|1007|0x000000077de00000, 0x000000077de00000, 0x000000077e000000|  0%| F|  |TAMS 0x000000077de00000, 0x000000077de00000| Untracked 
|1008|0x000000077e000000, 0x000000077e000000, 0x000000077e200000|  0%| F|  |TAMS 0x000000077e000000, 0x000000077e000000| Untracked 
|1009|0x000000077e200000, 0x000000077e200000, 0x000000077e400000|  0%| F|  |TAMS 0x000000077e200000, 0x000000077e200000| Untracked 
|1010|0x000000077e400000, 0x000000077e400000, 0x000000077e600000|  0%| F|  |TAMS 0x000000077e400000, 0x000000077e400000| Untracked 
|1011|0x000000077e600000, 0x000000077e600000, 0x000000077e800000|  0%| F|  |TAMS 0x000000077e600000, 0x000000077e600000| Untracked 
|1012|0x000000077e800000, 0x000000077e800000, 0x000000077ea00000|  0%| F|  |TAMS 0x000000077e800000, 0x000000077e800000| Untracked 
|1013|0x000000077ea00000, 0x000000077ea00000, 0x000000077ec00000|  0%| F|  |TAMS 0x000000077ea00000, 0x000000077ea00000| Untracked 
|1014|0x000000077ec00000, 0x000000077ec00000, 0x000000077ee00000|  0%| F|  |TAMS 0x000000077ec00000, 0x000000077ec00000| Untracked 
|1015|0x000000077ee00000, 0x000000077ee00000, 0x000000077f000000|  0%| F|  |TAMS 0x000000077ee00000, 0x000000077ee00000| Untracked 
|1016|0x000000077f000000, 0x000000077f000000, 0x000000077f200000|  0%| F|  |TAMS 0x000000077f000000, 0x000000077f000000| Untracked 
|1017|0x000000077f200000, 0x000000077f200000, 0x000000077f400000|  0%| F|  |TAMS 0x000000077f200000, 0x000000077f200000| Untracked 
|1018|0x000000077f400000, 0x000000077f400000, 0x000000077f600000|  0%| F|  |TAMS 0x000000077f400000, 0x000000077f400000| Untracked 
|1019|0x000000077f600000, 0x000000077f600000, 0x000000077f800000|  0%| F|  |TAMS 0x000000077f600000, 0x000000077f600000| Untracked 
|1020|0x000000077f800000, 0x000000077f800000, 0x000000077fa00000|  0%| F|  |TAMS 0x000000077f800000, 0x000000077f800000| Untracked 
|1021|0x000000077fa00000, 0x000000077fa00000, 0x000000077fc00000|  0%| F|  |TAMS 0x000000077fa00000, 0x000000077fa00000| Untracked 
|1022|0x000000077fc00000, 0x000000077fc00000, 0x000000077fe00000|  0%| F|  |TAMS 0x000000077fc00000, 0x000000077fc00000| Untracked 
|1023|0x000000077fe00000, 0x000000077fe00000, 0x0000000780000000|  0%| F|  |TAMS 0x000000077fe00000, 0x000000077fe00000| Untracked 
|1024|0x0000000780000000, 0x0000000780000000, 0x0000000780200000|  0%| F|  |TAMS 0x0000000780000000, 0x0000000780000000| Untracked 
|1025|0x0000000780200000, 0x0000000780200000, 0x0000000780400000|  0%| F|  |TAMS 0x0000000780200000, 0x0000000780200000| Untracked 
|1026|0x0000000780400000, 0x0000000780400000, 0x0000000780600000|  0%| F|  |TAMS 0x0000000780400000, 0x0000000780400000| Untracked 
|1027|0x0000000780600000, 0x0000000780600000, 0x0000000780800000|  0%| F|  |TAMS 0x0000000780600000, 0x0000000780600000| Untracked 
|1028|0x0000000780800000, 0x0000000780800000, 0x0000000780a00000|  0%| F|  |TAMS 0x0000000780800000, 0x0000000780800000| Untracked 
|1029|0x0000000780a00000, 0x0000000780a00000, 0x0000000780c00000|  0%| F|  |TAMS 0x0000000780a00000, 0x0000000780a00000| Untracked 
|1030|0x0000000780c00000, 0x0000000780d59338, 0x0000000780e00000| 67%| S|CS|TAMS 0x0000000780c00000, 0x0000000780c00000| Complete 
|1031|0x0000000780e00000, 0x0000000781000000, 0x0000000781000000|100%| S|CS|TAMS 0x0000000780e00000, 0x0000000780e00000| Complete 
|1032|0x0000000781000000, 0x0000000781200000, 0x0000000781200000|100%| S|CS|TAMS 0x0000000781000000, 0x0000000781000000| Complete 
|1033|0x0000000781200000, 0x0000000781400000, 0x0000000781400000|100%| S|CS|TAMS 0x0000000781200000, 0x0000000781200000| Complete 
|1034|0x0000000781400000, 0x0000000781600000, 0x0000000781600000|100%| S|CS|TAMS 0x0000000781400000, 0x0000000781400000| Complete 
|1035|0x0000000781600000, 0x0000000781800000, 0x0000000781800000|100%| S|CS|TAMS 0x0000000781600000, 0x0000000781600000| Complete 
|1036|0x0000000781800000, 0x0000000781a00000, 0x0000000781a00000|100%| S|CS|TAMS 0x0000000781800000, 0x0000000781800000| Complete 
|1037|0x0000000781a00000, 0x0000000781c00000, 0x0000000781c00000|100%| S|CS|TAMS 0x0000000781a00000, 0x0000000781a00000| Complete 
|1038|0x0000000781c00000, 0x0000000781e00000, 0x0000000781e00000|100%| S|CS|TAMS 0x0000000781c00000, 0x0000000781c00000| Complete 
|1039|0x0000000781e00000, 0x0000000782000000, 0x0000000782000000|100%| S|CS|TAMS 0x0000000781e00000, 0x0000000781e00000| Complete 
|1040|0x0000000782000000, 0x0000000782200000, 0x0000000782200000|100%| S|CS|TAMS 0x0000000782000000, 0x0000000782000000| Complete 
|1041|0x0000000782200000, 0x0000000782400000, 0x0000000782400000|100%| S|CS|TAMS 0x0000000782200000, 0x0000000782200000| Complete 
|1042|0x0000000782400000, 0x0000000782600000, 0x0000000782600000|100%| S|CS|TAMS 0x0000000782400000, 0x0000000782400000| Complete 
|1043|0x0000000782600000, 0x0000000782800000, 0x0000000782800000|100%| S|CS|TAMS 0x0000000782600000, 0x0000000782600000| Complete 
|1044|0x0000000782800000, 0x0000000782a00000, 0x0000000782a00000|100%| S|CS|TAMS 0x0000000782800000, 0x0000000782800000| Complete 
|1045|0x0000000782a00000, 0x0000000782c00000, 0x0000000782c00000|100%| S|CS|TAMS 0x0000000782a00000, 0x0000000782a00000| Complete 
|1046|0x0000000782c00000, 0x0000000782e00000, 0x0000000782e00000|100%| S|CS|TAMS 0x0000000782c00000, 0x0000000782c00000| Complete 
|1047|0x0000000782e00000, 0x0000000783000000, 0x0000000783000000|100%| S|CS|TAMS 0x0000000782e00000, 0x0000000782e00000| Complete 
|1048|0x0000000783000000, 0x0000000783000000, 0x0000000783200000|  0%| F|  |TAMS 0x0000000783000000, 0x0000000783000000| Untracked 
|1049|0x0000000783200000, 0x0000000783200000, 0x0000000783400000|  0%| F|  |TAMS 0x0000000783200000, 0x0000000783200000| Untracked 
|1050|0x0000000783400000, 0x0000000783400000, 0x0000000783600000|  0%| F|  |TAMS 0x0000000783400000, 0x0000000783400000| Untracked 
|1051|0x0000000783600000, 0x0000000783600000, 0x0000000783800000|  0%| F|  |TAMS 0x0000000783600000, 0x0000000783600000| Untracked 
|1052|0x0000000783800000, 0x0000000783800000, 0x0000000783a00000|  0%| F|  |TAMS 0x0000000783800000, 0x0000000783800000| Untracked 
|1053|0x0000000783a00000, 0x0000000783a00000, 0x0000000783c00000|  0%| F|  |TAMS 0x0000000783a00000, 0x0000000783a00000| Untracked 
|1054|0x0000000783c00000, 0x0000000783c00000, 0x0000000783e00000|  0%| F|  |TAMS 0x0000000783c00000, 0x0000000783c00000| Untracked 
|1055|0x0000000783e00000, 0x0000000783e00000, 0x0000000784000000|  0%| F|  |TAMS 0x0000000783e00000, 0x0000000783e00000| Untracked 
|1056|0x0000000784000000, 0x0000000784000000, 0x0000000784200000|  0%| F|  |TAMS 0x0000000784000000, 0x0000000784000000| Untracked 
|1057|0x0000000784200000, 0x0000000784200000, 0x0000000784400000|  0%| F|  |TAMS 0x0000000784200000, 0x0000000784200000| Untracked 
|1058|0x0000000784400000, 0x0000000784400000, 0x0000000784600000|  0%| F|  |TAMS 0x0000000784400000, 0x0000000784400000| Untracked 
|1059|0x0000000784600000, 0x0000000784600000, 0x0000000784800000|  0%| F|  |TAMS 0x0000000784600000, 0x0000000784600000| Untracked 
|1060|0x0000000784800000, 0x0000000784800000, 0x0000000784a00000|  0%| F|  |TAMS 0x0000000784800000, 0x0000000784800000| Untracked 
|1061|0x0000000784a00000, 0x0000000784a00000, 0x0000000784c00000|  0%| F|  |TAMS 0x0000000784a00000, 0x0000000784a00000| Untracked 
|1062|0x0000000784c00000, 0x0000000784c00000, 0x0000000784e00000|  0%| F|  |TAMS 0x0000000784c00000, 0x0000000784c00000| Untracked 
|1063|0x0000000784e00000, 0x0000000784e00000, 0x0000000785000000|  0%| F|  |TAMS 0x0000000784e00000, 0x0000000784e00000| Untracked 
|1064|0x0000000785000000, 0x0000000785000000, 0x0000000785200000|  0%| F|  |TAMS 0x0000000785000000, 0x0000000785000000| Untracked 
|1065|0x0000000785200000, 0x0000000785200000, 0x0000000785400000|  0%| F|  |TAMS 0x0000000785200000, 0x0000000785200000| Untracked 
|1066|0x0000000785400000, 0x0000000785400000, 0x0000000785600000|  0%| F|  |TAMS 0x0000000785400000, 0x0000000785400000| Untracked 
|1067|0x0000000785600000, 0x0000000785600000, 0x0000000785800000|  0%| F|  |TAMS 0x0000000785600000, 0x0000000785600000| Untracked 
|1068|0x0000000785800000, 0x0000000785800000, 0x0000000785a00000|  0%| F|  |TAMS 0x0000000785800000, 0x0000000785800000| Untracked 
|1069|0x0000000785a00000, 0x0000000785a00000, 0x0000000785c00000|  0%| F|  |TAMS 0x0000000785a00000, 0x0000000785a00000| Untracked 
|1070|0x0000000785c00000, 0x0000000785c00000, 0x0000000785e00000|  0%| F|  |TAMS 0x0000000785c00000, 0x0000000785c00000| Untracked 
|1071|0x0000000785e00000, 0x0000000785e00000, 0x0000000786000000|  0%| F|  |TAMS 0x0000000785e00000, 0x0000000785e00000| Untracked 
|1072|0x0000000786000000, 0x0000000786000000, 0x0000000786200000|  0%| F|  |TAMS 0x0000000786000000, 0x0000000786000000| Untracked 
|1073|0x0000000786200000, 0x0000000786200000, 0x0000000786400000|  0%| F|  |TAMS 0x0000000786200000, 0x0000000786200000| Untracked 
|1074|0x0000000786400000, 0x0000000786400000, 0x0000000786600000|  0%| F|  |TAMS 0x0000000786400000, 0x0000000786400000| Untracked 
|1075|0x0000000786600000, 0x0000000786600000, 0x0000000786800000|  0%| F|  |TAMS 0x0000000786600000, 0x0000000786600000| Untracked 
|1076|0x0000000786800000, 0x0000000786800000, 0x0000000786a00000|  0%| F|  |TAMS 0x0000000786800000, 0x0000000786800000| Untracked 
|1077|0x0000000786a00000, 0x0000000786a00000, 0x0000000786c00000|  0%| F|  |TAMS 0x0000000786a00000, 0x0000000786a00000| Untracked 
|1078|0x0000000786c00000, 0x0000000786c00000, 0x0000000786e00000|  0%| F|  |TAMS 0x0000000786c00000, 0x0000000786c00000| Untracked 
|1079|0x0000000786e00000, 0x0000000786e00000, 0x0000000787000000|  0%| F|  |TAMS 0x0000000786e00000, 0x0000000786e00000| Untracked 
|1080|0x0000000787000000, 0x0000000787000000, 0x0000000787200000|  0%| F|  |TAMS 0x0000000787000000, 0x0000000787000000| Untracked 
|1081|0x0000000787200000, 0x0000000787200000, 0x0000000787400000|  0%| F|  |TAMS 0x0000000787200000, 0x0000000787200000| Untracked 
|1082|0x0000000787400000, 0x0000000787400000, 0x0000000787600000|  0%| F|  |TAMS 0x0000000787400000, 0x0000000787400000| Untracked 
|1083|0x0000000787600000, 0x0000000787600000, 0x0000000787800000|  0%| F|  |TAMS 0x0000000787600000, 0x0000000787600000| Untracked 
|1084|0x0000000787800000, 0x0000000787800000, 0x0000000787a00000|  0%| F|  |TAMS 0x0000000787800000, 0x0000000787800000| Untracked 
|1085|0x0000000787a00000, 0x0000000787a00000, 0x0000000787c00000|  0%| F|  |TAMS 0x0000000787a00000, 0x0000000787a00000| Untracked 
|1086|0x0000000787c00000, 0x0000000787c00000, 0x0000000787e00000|  0%| F|  |TAMS 0x0000000787c00000, 0x0000000787c00000| Untracked 
|1087|0x0000000787e00000, 0x0000000787e00000, 0x0000000788000000|  0%| F|  |TAMS 0x0000000787e00000, 0x0000000787e00000| Untracked 
|1088|0x0000000788000000, 0x0000000788000000, 0x0000000788200000|  0%| F|  |TAMS 0x0000000788000000, 0x0000000788000000| Untracked 
|1089|0x0000000788200000, 0x0000000788200000, 0x0000000788400000|  0%| F|  |TAMS 0x0000000788200000, 0x0000000788200000| Untracked 
|1090|0x0000000788400000, 0x0000000788400000, 0x0000000788600000|  0%| F|  |TAMS 0x0000000788400000, 0x0000000788400000| Untracked 
|1091|0x0000000788600000, 0x0000000788600000, 0x0000000788800000|  0%| F|  |TAMS 0x0000000788600000, 0x0000000788600000| Untracked 
|1092|0x0000000788800000, 0x0000000788800000, 0x0000000788a00000|  0%| F|  |TAMS 0x0000000788800000, 0x0000000788800000| Untracked 
|1093|0x0000000788a00000, 0x0000000788a00000, 0x0000000788c00000|  0%| F|  |TAMS 0x0000000788a00000, 0x0000000788a00000| Untracked 
|1094|0x0000000788c00000, 0x0000000788c00000, 0x0000000788e00000|  0%| F|  |TAMS 0x0000000788c00000, 0x0000000788c00000| Untracked 
|1095|0x0000000788e00000, 0x0000000788e00000, 0x0000000789000000|  0%| F|  |TAMS 0x0000000788e00000, 0x0000000788e00000| Untracked 
|1096|0x0000000789000000, 0x0000000789000000, 0x0000000789200000|  0%| F|  |TAMS 0x0000000789000000, 0x0000000789000000| Untracked 
|1097|0x0000000789200000, 0x0000000789200000, 0x0000000789400000|  0%| F|  |TAMS 0x0000000789200000, 0x0000000789200000| Untracked 
|1098|0x0000000789400000, 0x0000000789400000, 0x0000000789600000|  0%| F|  |TAMS 0x0000000789400000, 0x0000000789400000| Untracked 
|1099|0x0000000789600000, 0x0000000789600000, 0x0000000789800000|  0%| F|  |TAMS 0x0000000789600000, 0x0000000789600000| Untracked 
|1100|0x0000000789800000, 0x0000000789800000, 0x0000000789a00000|  0%| F|  |TAMS 0x0000000789800000, 0x0000000789800000| Untracked 
|1101|0x0000000789a00000, 0x0000000789a00000, 0x0000000789c00000|  0%| F|  |TAMS 0x0000000789a00000, 0x0000000789a00000| Untracked 
|1102|0x0000000789c00000, 0x0000000789c00000, 0x0000000789e00000|  0%| F|  |TAMS 0x0000000789c00000, 0x0000000789c00000| Untracked 
|1103|0x0000000789e00000, 0x0000000789e00000, 0x000000078a000000|  0%| F|  |TAMS 0x0000000789e00000, 0x0000000789e00000| Untracked 
|1104|0x000000078a000000, 0x000000078a000000, 0x000000078a200000|  0%| F|  |TAMS 0x000000078a000000, 0x000000078a000000| Untracked 
|1105|0x000000078a200000, 0x000000078a200000, 0x000000078a400000|  0%| F|  |TAMS 0x000000078a200000, 0x000000078a200000| Untracked 
|1106|0x000000078a400000, 0x000000078a400000, 0x000000078a600000|  0%| F|  |TAMS 0x000000078a400000, 0x000000078a400000| Untracked 
|1107|0x000000078a600000, 0x000000078a600000, 0x000000078a800000|  0%| F|  |TAMS 0x000000078a600000, 0x000000078a600000| Untracked 
|1108|0x000000078a800000, 0x000000078a800000, 0x000000078aa00000|  0%| F|  |TAMS 0x000000078a800000, 0x000000078a800000| Untracked 
|1109|0x000000078aa00000, 0x000000078aa00000, 0x000000078ac00000|  0%| F|  |TAMS 0x000000078aa00000, 0x000000078aa00000| Untracked 
|1110|0x000000078ac00000, 0x000000078ac00000, 0x000000078ae00000|  0%| F|  |TAMS 0x000000078ac00000, 0x000000078ac00000| Untracked 
|1111|0x000000078ae00000, 0x000000078ae00000, 0x000000078b000000|  0%| F|  |TAMS 0x000000078ae00000, 0x000000078ae00000| Untracked 
|1112|0x000000078b000000, 0x000000078b000000, 0x000000078b200000|  0%| F|  |TAMS 0x000000078b000000, 0x000000078b000000| Untracked 
|1113|0x000000078b200000, 0x000000078b200000, 0x000000078b400000|  0%| F|  |TAMS 0x000000078b200000, 0x000000078b200000| Untracked 
|1114|0x000000078b400000, 0x000000078b400000, 0x000000078b600000|  0%| F|  |TAMS 0x000000078b400000, 0x000000078b400000| Untracked 
|1115|0x000000078b600000, 0x000000078b600000, 0x000000078b800000|  0%| F|  |TAMS 0x000000078b600000, 0x000000078b600000| Untracked 
|1116|0x000000078b800000, 0x000000078b800000, 0x000000078ba00000|  0%| F|  |TAMS 0x000000078b800000, 0x000000078b800000| Untracked 
|1117|0x000000078ba00000, 0x000000078ba00000, 0x000000078bc00000|  0%| F|  |TAMS 0x000000078ba00000, 0x000000078ba00000| Untracked 
|1118|0x000000078bc00000, 0x000000078bc00000, 0x000000078be00000|  0%| F|  |TAMS 0x000000078bc00000, 0x000000078bc00000| Untracked 
|1119|0x000000078be00000, 0x000000078be00000, 0x000000078c000000|  0%| F|  |TAMS 0x000000078be00000, 0x000000078be00000| Untracked 
|1120|0x000000078c000000, 0x000000078c000000, 0x000000078c200000|  0%| F|  |TAMS 0x000000078c000000, 0x000000078c000000| Untracked 
|1121|0x000000078c200000, 0x000000078c200000, 0x000000078c400000|  0%| F|  |TAMS 0x000000078c200000, 0x000000078c200000| Untracked 
|1122|0x000000078c400000, 0x000000078c400000, 0x000000078c600000|  0%| F|  |TAMS 0x000000078c400000, 0x000000078c400000| Untracked 
|1123|0x000000078c600000, 0x000000078c600000, 0x000000078c800000|  0%| F|  |TAMS 0x000000078c600000, 0x000000078c600000| Untracked 
|1124|0x000000078c800000, 0x000000078c800000, 0x000000078ca00000|  0%| F|  |TAMS 0x000000078c800000, 0x000000078c800000| Untracked 
|1125|0x000000078ca00000, 0x000000078ca00000, 0x000000078cc00000|  0%| F|  |TAMS 0x000000078ca00000, 0x000000078ca00000| Untracked 
|1126|0x000000078cc00000, 0x000000078cc00000, 0x000000078ce00000|  0%| F|  |TAMS 0x000000078cc00000, 0x000000078cc00000| Untracked 
|1127|0x000000078ce00000, 0x000000078ce00000, 0x000000078d000000|  0%| F|  |TAMS 0x000000078ce00000, 0x000000078ce00000| Untracked 
|1128|0x000000078d000000, 0x000000078d000000, 0x000000078d200000|  0%| F|  |TAMS 0x000000078d000000, 0x000000078d000000| Untracked 
|1129|0x000000078d200000, 0x000000078d200000, 0x000000078d400000|  0%| F|  |TAMS 0x000000078d200000, 0x000000078d200000| Untracked 
|1130|0x000000078d400000, 0x000000078d400000, 0x000000078d600000|  0%| F|  |TAMS 0x000000078d400000, 0x000000078d400000| Untracked 
|1131|0x000000078d600000, 0x000000078d600000, 0x000000078d800000|  0%| F|  |TAMS 0x000000078d600000, 0x000000078d600000| Untracked 
|1132|0x000000078d800000, 0x000000078d800000, 0x000000078da00000|  0%| F|  |TAMS 0x000000078d800000, 0x000000078d800000| Untracked 
|1133|0x000000078da00000, 0x000000078da00000, 0x000000078dc00000|  0%| F|  |TAMS 0x000000078da00000, 0x000000078da00000| Untracked 
|1134|0x000000078dc00000, 0x000000078dc00000, 0x000000078de00000|  0%| F|  |TAMS 0x000000078dc00000, 0x000000078dc00000| Untracked 
|1135|0x000000078de00000, 0x000000078de00000, 0x000000078e000000|  0%| F|  |TAMS 0x000000078de00000, 0x000000078de00000| Untracked 
|1136|0x000000078e000000, 0x000000078e000000, 0x000000078e200000|  0%| F|  |TAMS 0x000000078e000000, 0x000000078e000000| Untracked 
|1137|0x000000078e200000, 0x000000078e200000, 0x000000078e400000|  0%| F|  |TAMS 0x000000078e200000, 0x000000078e200000| Untracked 
|1138|0x000000078e400000, 0x000000078e400000, 0x000000078e600000|  0%| F|  |TAMS 0x000000078e400000, 0x000000078e400000| Untracked 
|1139|0x000000078e600000, 0x000000078e600000, 0x000000078e800000|  0%| F|  |TAMS 0x000000078e600000, 0x000000078e600000| Untracked 
|1140|0x000000078e800000, 0x000000078e800000, 0x000000078ea00000|  0%| F|  |TAMS 0x000000078e800000, 0x000000078e800000| Untracked 
|1141|0x000000078ea00000, 0x000000078ea00000, 0x000000078ec00000|  0%| F|  |TAMS 0x000000078ea00000, 0x000000078ea00000| Untracked 
|1142|0x000000078ec00000, 0x000000078ec00000, 0x000000078ee00000|  0%| F|  |TAMS 0x000000078ec00000, 0x000000078ec00000| Untracked 
|1143|0x000000078ee00000, 0x000000078ee00000, 0x000000078f000000|  0%| F|  |TAMS 0x000000078ee00000, 0x000000078ee00000| Untracked 
|1144|0x000000078f000000, 0x000000078f000000, 0x000000078f200000|  0%| F|  |TAMS 0x000000078f000000, 0x000000078f000000| Untracked 
|1145|0x000000078f200000, 0x000000078f200000, 0x000000078f400000|  0%| F|  |TAMS 0x000000078f200000, 0x000000078f200000| Untracked 
|1146|0x000000078f400000, 0x000000078f400000, 0x000000078f600000|  0%| F|  |TAMS 0x000000078f400000, 0x000000078f400000| Untracked 
|1147|0x000000078f600000, 0x000000078f600000, 0x000000078f800000|  0%| F|  |TAMS 0x000000078f600000, 0x000000078f600000| Untracked 
|1148|0x000000078f800000, 0x000000078f800000, 0x000000078fa00000|  0%| F|  |TAMS 0x000000078f800000, 0x000000078f800000| Untracked 
|1149|0x000000078fa00000, 0x000000078fa00000, 0x000000078fc00000|  0%| F|  |TAMS 0x000000078fa00000, 0x000000078fa00000| Untracked 
|1150|0x000000078fc00000, 0x000000078fc00000, 0x000000078fe00000|  0%| F|  |TAMS 0x000000078fc00000, 0x000000078fc00000| Untracked 
|1151|0x000000078fe00000, 0x000000078fe00000, 0x0000000790000000|  0%| F|  |TAMS 0x000000078fe00000, 0x000000078fe00000| Untracked 
|1152|0x0000000790000000, 0x0000000790000000, 0x0000000790200000|  0%| F|  |TAMS 0x0000000790000000, 0x0000000790000000| Untracked 
|1153|0x0000000790200000, 0x0000000790200000, 0x0000000790400000|  0%| F|  |TAMS 0x0000000790200000, 0x0000000790200000| Untracked 
|1154|0x0000000790400000, 0x0000000790400000, 0x0000000790600000|  0%| F|  |TAMS 0x0000000790400000, 0x0000000790400000| Untracked 
|1155|0x0000000790600000, 0x0000000790600000, 0x0000000790800000|  0%| F|  |TAMS 0x0000000790600000, 0x0000000790600000| Untracked 
|1156|0x0000000790800000, 0x0000000790800000, 0x0000000790a00000|  0%| F|  |TAMS 0x0000000790800000, 0x0000000790800000| Untracked 
|1157|0x0000000790a00000, 0x0000000790a00000, 0x0000000790c00000|  0%| F|  |TAMS 0x0000000790a00000, 0x0000000790a00000| Untracked 
|1158|0x0000000790c00000, 0x0000000790c00000, 0x0000000790e00000|  0%| F|  |TAMS 0x0000000790c00000, 0x0000000790c00000| Untracked 
|1159|0x0000000790e00000, 0x0000000790e00000, 0x0000000791000000|  0%| F|  |TAMS 0x0000000790e00000, 0x0000000790e00000| Untracked 
|1160|0x0000000791000000, 0x0000000791000000, 0x0000000791200000|  0%| F|  |TAMS 0x0000000791000000, 0x0000000791000000| Untracked 
|1161|0x0000000791200000, 0x0000000791200000, 0x0000000791400000|  0%| F|  |TAMS 0x0000000791200000, 0x0000000791200000| Untracked 
|1162|0x0000000791400000, 0x0000000791400000, 0x0000000791600000|  0%| F|  |TAMS 0x0000000791400000, 0x0000000791400000| Untracked 
|1163|0x0000000791600000, 0x0000000791600000, 0x0000000791800000|  0%| F|  |TAMS 0x0000000791600000, 0x0000000791600000| Untracked 
|1164|0x0000000791800000, 0x0000000791800000, 0x0000000791a00000|  0%| F|  |TAMS 0x0000000791800000, 0x0000000791800000| Untracked 
|1165|0x0000000791a00000, 0x0000000791a00000, 0x0000000791c00000|  0%| F|  |TAMS 0x0000000791a00000, 0x0000000791a00000| Untracked 
|1166|0x0000000791c00000, 0x0000000791c00000, 0x0000000791e00000|  0%| F|  |TAMS 0x0000000791c00000, 0x0000000791c00000| Untracked 
|1167|0x0000000791e00000, 0x0000000791e00000, 0x0000000792000000|  0%| F|  |TAMS 0x0000000791e00000, 0x0000000791e00000| Untracked 
|1168|0x0000000792000000, 0x0000000792000000, 0x0000000792200000|  0%| F|  |TAMS 0x0000000792000000, 0x0000000792000000| Untracked 
|1169|0x0000000792200000, 0x0000000792200000, 0x0000000792400000|  0%| F|  |TAMS 0x0000000792200000, 0x0000000792200000| Untracked 
|1170|0x0000000792400000, 0x0000000792400000, 0x0000000792600000|  0%| F|  |TAMS 0x0000000792400000, 0x0000000792400000| Untracked 
|1171|0x0000000792600000, 0x0000000792600000, 0x0000000792800000|  0%| F|  |TAMS 0x0000000792600000, 0x0000000792600000| Untracked 
|1172|0x0000000792800000, 0x0000000792800000, 0x0000000792a00000|  0%| F|  |TAMS 0x0000000792800000, 0x0000000792800000| Untracked 
|1173|0x0000000792a00000, 0x0000000792a00000, 0x0000000792c00000|  0%| F|  |TAMS 0x0000000792a00000, 0x0000000792a00000| Untracked 
|1174|0x0000000792c00000, 0x0000000792c00000, 0x0000000792e00000|  0%| F|  |TAMS 0x0000000792c00000, 0x0000000792c00000| Untracked 
|1175|0x0000000792e00000, 0x0000000792e00000, 0x0000000793000000|  0%| F|  |TAMS 0x0000000792e00000, 0x0000000792e00000| Untracked 
|1176|0x0000000793000000, 0x0000000793000000, 0x0000000793200000|  0%| F|  |TAMS 0x0000000793000000, 0x0000000793000000| Untracked 
|1177|0x0000000793200000, 0x0000000793200000, 0x0000000793400000|  0%| F|  |TAMS 0x0000000793200000, 0x0000000793200000| Untracked 
|1178|0x0000000793400000, 0x0000000793400000, 0x0000000793600000|  0%| F|  |TAMS 0x0000000793400000, 0x0000000793400000| Untracked 
|1179|0x0000000793600000, 0x0000000793600000, 0x0000000793800000|  0%| F|  |TAMS 0x0000000793600000, 0x0000000793600000| Untracked 
|1180|0x0000000793800000, 0x0000000793800000, 0x0000000793a00000|  0%| F|  |TAMS 0x0000000793800000, 0x0000000793800000| Untracked 
|1181|0x0000000793a00000, 0x0000000793a00000, 0x0000000793c00000|  0%| F|  |TAMS 0x0000000793a00000, 0x0000000793a00000| Untracked 
|1182|0x0000000793c00000, 0x0000000793c00000, 0x0000000793e00000|  0%| F|  |TAMS 0x0000000793c00000, 0x0000000793c00000| Untracked 
|1183|0x0000000793e00000, 0x0000000793e00000, 0x0000000794000000|  0%| F|  |TAMS 0x0000000793e00000, 0x0000000793e00000| Untracked 
|1184|0x0000000794000000, 0x0000000794000000, 0x0000000794200000|  0%| F|  |TAMS 0x0000000794000000, 0x0000000794000000| Untracked 
|1185|0x0000000794200000, 0x0000000794200000, 0x0000000794400000|  0%| F|  |TAMS 0x0000000794200000, 0x0000000794200000| Untracked 
|1186|0x0000000794400000, 0x0000000794400000, 0x0000000794600000|  0%| F|  |TAMS 0x0000000794400000, 0x0000000794400000| Untracked 
|1187|0x0000000794600000, 0x0000000794600000, 0x0000000794800000|  0%| F|  |TAMS 0x0000000794600000, 0x0000000794600000| Untracked 
|1188|0x0000000794800000, 0x0000000794800000, 0x0000000794a00000|  0%| F|  |TAMS 0x0000000794800000, 0x0000000794800000| Untracked 
|1189|0x0000000794a00000, 0x0000000794a00000, 0x0000000794c00000|  0%| F|  |TAMS 0x0000000794a00000, 0x0000000794a00000| Untracked 
|1190|0x0000000794c00000, 0x0000000794c00000, 0x0000000794e00000|  0%| F|  |TAMS 0x0000000794c00000, 0x0000000794c00000| Untracked 
|1191|0x0000000794e00000, 0x0000000794e00000, 0x0000000795000000|  0%| F|  |TAMS 0x0000000794e00000, 0x0000000794e00000| Untracked 
|1192|0x0000000795000000, 0x0000000795000000, 0x0000000795200000|  0%| F|  |TAMS 0x0000000795000000, 0x0000000795000000| Untracked 

Card table byte_map: [0x000002a11e140000,0x000002a11e940000] _byte_map_base: 0x000002a11a940000

Marking Bits (Prev, Next): (CMBitMap*) 0x000002a104e33cf0, (CMBitMap*) 0x000002a104e33cb0
 Prev Bits: [0x000002a123140000, 0x000002a127140000)
 Next Bits: [0x000002a11f140000, 0x000002a123140000)

Polling page: 0x000002a104ad0000

Metaspace:

Usage:
  Non-class:    244.58 MB used.
      Class:     35.59 MB used.
       Both:    280.17 MB used.

Virtual space:
  Non-class space:      256.00 MB reserved,     246.25 MB ( 96%) committed,  4 nodes.
      Class space:      832.00 MB reserved,      37.06 MB (  4%) committed,  1 nodes.
             Both:        1.06 GB reserved,     283.31 MB ( 26%) committed. 

Chunk freelists:
   Non-Class:  8.91 MB
       Class:  10.89 MB
        Both:  19.80 MB

MaxMetaspaceSize: 1.00 GB
CompressedClassSpaceSize: 832.00 MB
Initial GC threshold: 21.00 MB
Current GC threshold: 441.50 MB
CDS: on
MetaspaceReclaimPolicy: balanced
 - commit_granule_bytes: 65536.
 - commit_granule_words: 8192.
 - virtual_space_node_default_size: 8388608.
 - enlarge_chunks_in_place: 1.
 - new_chunks_are_fully_committed: 0.
 - uncommit_free_chunks: 1.
 - use_allocation_guard: 0.
 - handle_deallocations: 1.


Internal statistics:

num_allocs_failed_limit: 12.
num_arena_births: 7102.
num_arena_deaths: 2326.
num_vsnodes_births: 5.
num_vsnodes_deaths: 0.
num_space_committed: 4570.
num_space_uncommitted: 41.
num_chunks_returned_to_freelist: 3256.
num_chunks_taken_from_freelist: 21651.
num_chunk_merges: 1065.
num_chunk_splits: 12817.
num_chunks_enlarged: 7405.
num_inconsistent_stats: 0.

CodeHeap 'non-profiled nmethods': size=120000Kb used=40244Kb max_used=45986Kb free=79755Kb
 bounds [0x000002a115760000, 0x000002a118460000, 0x000002a11cc90000]
CodeHeap 'profiled nmethods': size=120000Kb used=96541Kb max_used=96541Kb free=23458Kb
 bounds [0x000002a10dc90000, 0x000002a113ae0000, 0x000002a1151c0000]
CodeHeap 'non-nmethods': size=5760Kb used=2773Kb max_used=2830Kb free=2986Kb
 bounds [0x000002a1151c0000, 0x000002a115490000, 0x000002a115760000]
 total_blobs=50812 nmethods=49462 adapters=1258
 compilation: enabled
              stopped_count=0, restarted_count=0
 full_count=0

Compilation events (20 events):
Event: 20321.055 Thread 0x000002a129e54250 nmethod 62380 0x000002a1171fe510 code [0x000002a1171fe680, 0x000002a1171fe6d8]
Event: 20321.055 Thread 0x000002a129e54250 63532       4       com.intellij.openapi.application.ApplicationManager::getApplication (4 bytes)
Event: 20321.055 Thread 0x000002a129e69060 nmethod 70773 0x000002a113ad3210 code [0x000002a113ad34c0, 0x000002a113ad3cf8]
Event: 20321.055 Thread 0x000002a129e69060 70774       2       org.jetbrains.kotlin.resolve.calls.model.MutableResolvedCallAtom::setCandidateDescriptor (24 bytes)
Event: 20321.055 Thread 0x000002a129e54250 nmethod 63532 0x000002a1171fe210 code [0x000002a1171fe380, 0x000002a1171fe3f8]
Event: 20321.055 Thread 0x000002a129e54250 66095       4       groovyjarjarantlr4.v4.runtime.atn.ATNState::getNumberOfTransitions (10 bytes)
Event: 20321.056 Thread 0x000002a129e69060 nmethod 70774 0x000002a113ad4290 code [0x000002a113ad4480, 0x000002a113ad4848]
Event: 20321.056 Thread 0x000002a129e69060 70775       2       org.jetbrains.kotlin.resolve.calls.tower.NewAbstractResolvedCall::<init> (5 bytes)
Event: 20321.056 Thread 0x000002a129e69060 nmethod 70775 0x000002a113ad4a10 code [0x000002a113ad4ba0, 0x000002a113ad4c98]
Event: 20321.056 Thread 0x000002a129e54250 nmethod 66095 0x000002a1171fdf10 code [0x000002a1171fe080, 0x000002a1171fe138]
Event: 20321.056 Thread 0x000002a129e54250 69131       4       com.android.tools.lint.checks.LibraryVersionRange$Builder::buildPartial0 (34 bytes)
Event: 20321.056 Thread 0x000002a129e69060 70776       2       org.jetbrains.kotlin.resolve.scopes.LexicalScopeStorage::getContributedClassifierIncludeDeprecated (7 bytes)
Event: 20321.057 Thread 0x000002a129e69060 nmethod 70776 0x000002a113ad4d10 code [0x000002a113ad4fc0, 0x000002a113ad5768]
Event: 20321.057 Thread 0x000002a129e69060 70777       2       org.jetbrains.kotlin.resolve.scopes.LexicalScope$DefaultImpls::getContributedClassifierIncludeDeprecated (22 bytes)
Event: 20321.058 Thread 0x000002a129e69060 nmethod 70777 0x000002a113ad5c90 code [0x000002a113ad5f40, 0x000002a113ad67a8]
Event: 20321.059 Thread 0x000002a129e54250 nmethod 69131 0x000002a1171fda10 code [0x000002a1171fdb80, 0x000002a1171fde18]
Event: 20321.059 Thread 0x000002a129e54250 69132       4       com.android.tools.lint.checks.LibraryVersionRange$1::parsePartialFrom (7 bytes)
Event: 20321.059 Thread 0x000002a129e69060 70778       2       org.jetbrains.kotlin.utils.addToStdlib.AddToStdlibKt::compactIfPossible (57 bytes)
Event: 20321.060 Thread 0x000002a129e69060 nmethod 70778 0x000002a113ad6d10 code [0x000002a113ad6f20, 0x000002a113ad7388]
Event: 20321.063 Thread 0x000002a129e69060 70779       2       com.intellij.psi.impl.compiled.ClsTypeElementImpl::calculateBaseType (433 bytes)

GC Heap History (20 events):
Event: 20299.640 GC heap after
{Heap after GC invocations=122 (full 1):
 garbage-first heap   total 2424832K, used 510830K [0x0000000700000000, 0x0000000800000000)
  region size 2048K, 33 young (67584K), 33 survivors (67584K)
 Metaspace       used 238783K, committed 241856K, reserved 1114112K
  class space    used 30699K, committed 32128K, reserved 851968K
}
Event: 20302.027 GC heap before
{Heap before GC invocations=122 (full 1):
 garbage-first heap   total 2424832K, used 697198K [0x0000000700000000, 0x0000000800000000)
  region size 2048K, 59 young (120832K), 33 survivors (67584K)
 Metaspace       used 238941K, committed 242112K, reserved 1114112K
  class space    used 30713K, committed 32192K, reserved 851968K
}
Event: 20302.232 GC heap after
{Heap after GC invocations=123 (full 1):
 garbage-first heap   total 2424832K, used 660841K [0x0000000700000000, 0x0000000800000000)
  region size 2048K, 8 young (16384K), 8 survivors (16384K)
 Metaspace       used 238941K, committed 242112K, reserved 1114112K
  class space    used 30713K, committed 32192K, reserved 851968K
}
Event: 20303.755 GC heap before
{Heap before GC invocations=123 (full 1):
 garbage-first heap   total 2424832K, used 896361K [0x0000000700000000, 0x0000000800000000)
  region size 2048K, 125 young (256000K), 8 survivors (16384K)
 Metaspace       used 239968K, committed 243072K, reserved 1114112K
  class space    used 30858K, committed 32320K, reserved 851968K
}
Event: 20303.824 GC heap after
{Heap after GC invocations=124 (full 1):
 garbage-first heap   total 2424832K, used 587159K [0x0000000700000000, 0x0000000800000000)
  region size 2048K, 32 young (65536K), 32 survivors (65536K)
 Metaspace       used 239968K, committed 243072K, reserved 1114112K
  class space    used 30858K, committed 32320K, reserved 851968K
}
Event: 20305.168 GC heap before
{Heap before GC invocations=124 (full 1):
 garbage-first heap   total 2424832K, used 773527K [0x0000000700000000, 0x0000000800000000)
  region size 2048K, 92 young (188416K), 32 survivors (65536K)
 Metaspace       used 241504K, committed 244544K, reserved 1114112K
  class space    used 31069K, committed 32512K, reserved 851968K
}
Event: 20305.244 GC heap after
{Heap after GC invocations=125 (full 1):
 garbage-first heap   total 2424832K, used 658298K [0x0000000700000000, 0x0000000800000000)
  region size 2048K, 10 young (20480K), 10 survivors (20480K)
 Metaspace       used 241504K, committed 244544K, reserved 1114112K
  class space    used 31069K, committed 32512K, reserved 851968K
}
Event: 20308.258 GC heap before
{Heap before GC invocations=126 (full 1):
 garbage-first heap   total 2424832K, used 1049466K [0x0000000700000000, 0x0000000800000000)
  region size 2048K, 174 young (356352K), 10 survivors (20480K)
 Metaspace       used 248389K, committed 251520K, reserved 1114112K
  class space    used 31801K, committed 33280K, reserved 851968K
}
Event: 20308.292 GC heap after
{Heap after GC invocations=127 (full 1):
 garbage-first heap   total 2424832K, used 606204K [0x0000000700000000, 0x0000000800000000)
  region size 2048K, 15 young (30720K), 15 survivors (30720K)
 Metaspace       used 248389K, committed 251520K, reserved 1114112K
  class space    used 31801K, committed 33280K, reserved 851968K
}
Event: 20309.226 GC heap before
{Heap before GC invocations=127 (full 1):
 garbage-first heap   total 2424832K, used 694268K [0x0000000700000000, 0x0000000800000000)
  region size 2048K, 59 young (120832K), 15 survivors (30720K)
 Metaspace       used 251548K, committed 254720K, reserved 1114112K
  class space    used 32189K, committed 33664K, reserved 851968K
}
Event: 20309.280 GC heap after
{Heap after GC invocations=128 (full 1):
 garbage-first heap   total 2424832K, used 603502K [0x0000000700000000, 0x0000000800000000)
  region size 2048K, 5 young (10240K), 5 survivors (10240K)
 Metaspace       used 251548K, committed 254720K, reserved 1114112K
  class space    used 32189K, committed 33664K, reserved 851968K
}
Event: 20310.195 GC heap before
{Heap before GC invocations=128 (full 1):
 garbage-first heap   total 2424832K, used 718190K [0x0000000700000000, 0x0000000800000000)
  region size 2048K, 59 young (120832K), 5 survivors (10240K)
 Metaspace       used 259696K, committed 262784K, reserved 1114112K
  class space    used 33374K, committed 34816K, reserved 851968K
}
Event: 20310.239 GC heap after
{Heap after GC invocations=129 (full 1):
 garbage-first heap   total 2424832K, used 621975K [0x0000000700000000, 0x0000000800000000)
  region size 2048K, 8 young (16384K), 8 survivors (16384K)
 Metaspace       used 259696K, committed 262784K, reserved 1114112K
  class space    used 33374K, committed 34816K, reserved 851968K
}
Event: 20310.584 GC heap before
{Heap before GC invocations=129 (full 1):
 garbage-first heap   total 2424832K, used 679319K [0x0000000700000000, 0x0000000800000000)
  region size 2048K, 37 young (75776K), 8 survivors (16384K)
 Metaspace       used 262350K, committed 265472K, reserved 1114112K
  class space    used 33815K, committed 35264K, reserved 851968K
}
Event: 20310.608 GC heap after
{Heap after GC invocations=130 (full 1):
 garbage-first heap   total 2424832K, used 631203K [0x0000000700000000, 0x0000000800000000)
  region size 2048K, 13 young (26624K), 13 survivors (26624K)
 Metaspace       used 262350K, committed 265472K, reserved 1114112K
  class space    used 33815K, committed 35264K, reserved 851968K
}
Event: 20316.532 GC heap before
{Heap before GC invocations=131 (full 1):
 garbage-first heap   total 2424832K, used 1313187K [0x0000000700000000, 0x0000000800000000)
  region size 2048K, 333 young (681984K), 13 survivors (26624K)
 Metaspace       used 279857K, committed 283008K, reserved 1114112K
  class space    used 35826K, committed 37312K, reserved 851968K
}
Event: 20316.633 GC heap after
{Heap after GC invocations=132 (full 1):
 garbage-first heap   total 2424832K, used 672887K [0x0000000700000000, 0x0000000800000000)
  region size 2048K, 26 young (53248K), 26 survivors (53248K)
 Metaspace       used 279857K, committed 283008K, reserved 1114112K
  class space    used 35826K, committed 37312K, reserved 851968K
}
Event: 20316.977 GC heap before
{Heap before GC invocations=132 (full 1):
 garbage-first heap   total 2424832K, used 738423K [0x0000000700000000, 0x0000000800000000)
  region size 2048K, 59 young (120832K), 26 survivors (53248K)
 Metaspace       used 280356K, committed 283520K, reserved 1114112K
  class space    used 35875K, committed 37376K, reserved 851968K
}
Event: 20317.067 GC heap after
{Heap after GC invocations=133 (full 1):
 garbage-first heap   total 2424832K, used 633521K [0x0000000700000000, 0x0000000800000000)
  region size 2048K, 3 young (6144K), 3 survivors (6144K)
 Metaspace       used 280356K, committed 283520K, reserved 1114112K
  class space    used 35875K, committed 37376K, reserved 851968K
}
Event: 20321.067 GC heap before
{Heap before GC invocations=133 (full 1):
 garbage-first heap   total 2424832K, used 901809K [0x0000000700000000, 0x0000000800000000)
  region size 2048K, 136 young (278528K), 3 survivors (6144K)
 Metaspace       used 286897K, committed 290112K, reserved 1114112K
  class space    used 36448K, committed 37952K, reserved 851968K
}

Deoptimization events (20 events):
Event: 20319.843 Thread 0x000002a173f57140 DEOPT PACKING pc=0x000002a117f7bdf8 sp=0x000000dd4d4fc9d0
Event: 20319.843 Thread 0x000002a173f57140 DEOPT UNPACKING pc=0x000002a115215ba3 sp=0x000000dd4d4fc978 mode 2
Event: 20319.850 Thread 0x000002a173f57140 DEOPT PACKING pc=0x000002a11290c4ca sp=0x000000dd4d4fc7e0
Event: 20319.850 Thread 0x000002a173f57140 DEOPT UNPACKING pc=0x000002a1152166e3 sp=0x000000dd4d4fbc80 mode 0
Event: 20319.851 Thread 0x000002a173f57140 DEOPT PACKING pc=0x000002a11290c4ca sp=0x000000dd4d4fc7e0
Event: 20319.851 Thread 0x000002a173f57140 DEOPT UNPACKING pc=0x000002a1152166e3 sp=0x000000dd4d4fbc80 mode 0
Event: 20319.851 Thread 0x000002a173f57140 Uncommon trap: trap_request=0xffffffde fr.pc=0x000002a117fc9538 relative=0x0000000000000958
Event: 20319.851 Thread 0x000002a173f57140 Uncommon trap: reason=class_check action=maybe_recompile pc=0x000002a117fc9538 method=org.kxml2.io.KXmlParser.peek(I)I @ 74 c2
Event: 20319.851 Thread 0x000002a173f57140 DEOPT PACKING pc=0x000002a117fc9538 sp=0x000000dd4d4fc7c0
Event: 20319.852 Thread 0x000002a173f57140 DEOPT UNPACKING pc=0x000002a115215ba3 sp=0x000000dd4d4fc6f8 mode 2
Event: 20319.961 Thread 0x000002a1712307e0 DEOPT PACKING pc=0x000002a1101da36c sp=0x000000dd445fd5f0
Event: 20319.961 Thread 0x000002a1712307e0 DEOPT UNPACKING pc=0x000002a1152166e3 sp=0x000000dd445fcbf8 mode 0
Event: 20320.220 Thread 0x000002a173f58070 Uncommon trap: trap_request=0xffffff45 fr.pc=0x000002a118304780 relative=0x0000000000006f40
Event: 20320.220 Thread 0x000002a173f58070 Uncommon trap: reason=unstable_if action=reinterpret pc=0x000002a118304780 method=org.jetbrains.org.objectweb.asm.ClassReader.readMethod(Lorg/jetbrains/org/objectweb/asm/ClassVisitor;Lorg/jetbrains/org/objectweb/asm/Context;I)I @ 908 c2
Event: 20320.220 Thread 0x000002a173f58070 DEOPT PACKING pc=0x000002a118304780 sp=0x000000dd4d7f6640
Event: 20320.220 Thread 0x000002a173f58070 DEOPT UNPACKING pc=0x000002a115215ba3 sp=0x000000dd4d7f6688 mode 2
Event: 20321.002 Thread 0x000002a173f58070 DEOPT PACKING pc=0x000002a1137c056e sp=0x000000dd4d7fb9c0
Event: 20321.002 Thread 0x000002a173f58070 DEOPT UNPACKING pc=0x000002a1152166e3 sp=0x000000dd4d7faf58 mode 3
Event: 20321.050 Thread 0x000002a171231710 DEOPT PACKING pc=0x000002a10e8c1edb sp=0x000000dd44dfa810
Event: 20321.050 Thread 0x000002a171231710 DEOPT UNPACKING pc=0x000002a1152166e3 sp=0x000000dd44df9d00 mode 0

Classes unloaded (20 events):
Event: 20297.766 Thread 0x000002a129e2e1c0 Unloading class 0x000002a12ccdd000 'java/lang/invoke/LambdaForm$DMH+0x000002a12ccdd000'
Event: 20297.766 Thread 0x000002a129e2e1c0 Unloading class 0x000002a12ccdc000 'java/lang/invoke/LambdaForm$DMH+0x000002a12ccdc000'
Event: 20297.766 Thread 0x000002a129e2e1c0 Unloading class 0x000002a12ccdc400 'java/lang/invoke/LambdaForm$DMH+0x000002a12ccdc400'
Event: 20311.598 Thread 0x000002a129e2e1c0 Unloading class 0x000002a12d029400 'java/lang/invoke/LambdaForm$DMH+0x000002a12d029400'
Event: 20311.598 Thread 0x000002a129e2e1c0 Unloading class 0x000002a12d029000 'java/lang/invoke/LambdaForm$MH+0x000002a12d029000'
Event: 20311.598 Thread 0x000002a129e2e1c0 Unloading class 0x000002a12d028c00 'java/lang/invoke/LambdaForm$MH+0x000002a12d028c00'
Event: 20311.598 Thread 0x000002a129e2e1c0 Unloading class 0x000002a12d028800 'java/lang/invoke/LambdaForm$MH+0x000002a12d028800'
Event: 20311.598 Thread 0x000002a129e2e1c0 Unloading class 0x000002a12d028000 'java/lang/invoke/LambdaForm$MH+0x000002a12d028000'
Event: 20311.598 Thread 0x000002a129e2e1c0 Unloading class 0x000002a12d027400 'java/lang/invoke/LambdaForm$DMH+0x000002a12d027400'
Event: 20311.598 Thread 0x000002a129e2e1c0 Unloading class 0x000002a12d027c00 'java/lang/invoke/LambdaForm$DMH+0x000002a12d027c00'
Event: 20311.598 Thread 0x000002a129e2e1c0 Unloading class 0x000002a12d027000 'java/lang/invoke/LambdaForm$DMH+0x000002a12d027000'
Event: 20311.598 Thread 0x000002a129e2e1c0 Unloading class 0x000002a12d026c00 'java/lang/invoke/LambdaForm$DMH+0x000002a12d026c00'
Event: 20311.598 Thread 0x000002a129e2e1c0 Unloading class 0x000002a12d026800 'java/lang/invoke/LambdaForm$DMH+0x000002a12d026800'
Event: 20311.598 Thread 0x000002a129e2e1c0 Unloading class 0x000002a12d026000 'java/lang/invoke/LambdaForm$DMH+0x000002a12d026000'
Event: 20311.598 Thread 0x000002a129e2e1c0 Unloading class 0x000002a12d025c00 'java/lang/invoke/LambdaForm$DMH+0x000002a12d025c00'
Event: 20311.598 Thread 0x000002a129e2e1c0 Unloading class 0x000002a12d025800 'java/lang/invoke/LambdaForm$DMH+0x000002a12d025800'
Event: 20311.598 Thread 0x000002a129e2e1c0 Unloading class 0x000002a12d025400 'java/lang/invoke/LambdaForm$DMH+0x000002a12d025400'
Event: 20311.598 Thread 0x000002a129e2e1c0 Unloading class 0x000002a12d024800 'java/lang/invoke/LambdaForm$DMH+0x000002a12d024800'
Event: 20311.598 Thread 0x000002a129e2e1c0 Unloading class 0x000002a12d024c00 'java/lang/invoke/LambdaForm$DMH+0x000002a12d024c00'
Event: 20311.598 Thread 0x000002a129e2e1c0 Unloading class 0x000002a12d025000 'java/lang/invoke/LambdaForm$DMH+0x000002a12d025000'

Classes redefined (0 events):
No events

Internal exceptions (20 events):
Event: 20320.573 Thread 0x000002a171231710 Exception <a 'sun/nio/fs/WindowsException'{0x0000000785321f38}> (0x0000000785321f38) 
thrown [s\open\src\hotspot\share\prims\jni.cpp, line 516]
Event: 20320.577 Thread 0x000002a171231710 Exception <a 'sun/nio/fs/WindowsException'{0x00000007853242f8}> (0x00000007853242f8) 
thrown [s\open\src\hotspot\share\prims\jni.cpp, line 516]
Event: 20320.582 Thread 0x000002a171231710 Exception <a 'sun/nio/fs/WindowsException'{0x0000000785326560}> (0x0000000785326560) 
thrown [s\open\src\hotspot\share\prims\jni.cpp, line 516]
Event: 20320.588 Thread 0x000002a171231710 Exception <a 'sun/nio/fs/WindowsException'{0x000000078532a2c0}> (0x000000078532a2c0) 
thrown [s\open\src\hotspot\share\prims\jni.cpp, line 516]
Event: 20320.593 Thread 0x000002a171231710 Exception <a 'sun/nio/fs/WindowsException'{0x000000078532c7b0}> (0x000000078532c7b0) 
thrown [s\open\src\hotspot\share\prims\jni.cpp, line 516]
Event: 20320.597 Thread 0x000002a171231710 Exception <a 'sun/nio/fs/WindowsException'{0x000000078532ec50}> (0x000000078532ec50) 
thrown [s\open\src\hotspot\share\prims\jni.cpp, line 516]
Event: 20320.599 Thread 0x000002a171231710 Exception <a 'sun/nio/fs/WindowsException'{0x0000000785330fa0}> (0x0000000785330fa0) 
thrown [s\open\src\hotspot\share\prims\jni.cpp, line 516]
Event: 20320.606 Thread 0x000002a171231710 Exception <a 'sun/nio/fs/WindowsException'{0x0000000785333260}> (0x0000000785333260) 
thrown [s\open\src\hotspot\share\prims\jni.cpp, line 516]
Event: 20320.617 Thread 0x000002a171231710 Exception <a 'sun/nio/fs/WindowsException'{0x00000007853355a0}> (0x00000007853355a0) 
thrown [s\open\src\hotspot\share\prims\jni.cpp, line 516]
Event: 20320.623 Thread 0x000002a171231710 Exception <a 'sun/nio/fs/WindowsException'{0x0000000785337a50}> (0x0000000785337a50) 
thrown [s\open\src\hotspot\share\prims\jni.cpp, line 516]
Event: 20320.626 Thread 0x000002a171231710 Exception <a 'sun/nio/fs/WindowsException'{0x0000000785339c80}> (0x0000000785339c80) 
thrown [s\open\src\hotspot\share\prims\jni.cpp, line 516]
Event: 20320.649 Thread 0x000002a171231710 Exception <a 'sun/nio/fs/WindowsException'{0x000000078533bea8}> (0x000000078533bea8) 
thrown [s\open\src\hotspot\share\prims\jni.cpp, line 516]
Event: 20320.661 Thread 0x000002a171231710 Exception <a 'sun/nio/fs/WindowsException'{0x000000078533e1b0}> (0x000000078533e1b0) 
thrown [s\open\src\hotspot\share\prims\jni.cpp, line 516]
Event: 20320.669 Thread 0x000002a171231710 Exception <a 'sun/nio/fs/WindowsException'{0x0000000785340690}> (0x0000000785340690) 
thrown [s\open\src\hotspot\share\prims\jni.cpp, line 516]
Event: 20320.673 Thread 0x000002a171231710 Exception <a 'sun/nio/fs/WindowsException'{0x0000000785342b50}> (0x0000000785342b50) 
thrown [s\open\src\hotspot\share\prims\jni.cpp, line 516]
Event: 20320.679 Thread 0x000002a171231710 Exception <a 'sun/nio/fs/WindowsException'{0x0000000785345038}> (0x0000000785345038) 
thrown [s\open\src\hotspot\share\prims\jni.cpp, line 516]
Event: 20320.685 Thread 0x000002a171231710 Exception <a 'sun/nio/fs/WindowsException'{0x00000007853475a8}> (0x00000007853475a8) 
thrown [s\open\src\hotspot\share\prims\jni.cpp, line 516]
Event: 20320.691 Thread 0x000002a171231710 Exception <a 'sun/nio/fs/WindowsException'{0x0000000785349a88}> (0x0000000785349a88) 
thrown [s\open\src\hotspot\share\prims\jni.cpp, line 516]
Event: 20320.695 Thread 0x000002a171231710 Exception <a 'sun/nio/fs/WindowsException'{0x000000078534be38}> (0x000000078534be38) 
thrown [s\open\src\hotspot\share\prims\jni.cpp, line 516]
Event: 20320.699 Thread 0x000002a171231710 Exception <a 'sun/nio/fs/WindowsException'{0x0000000783c02288}> (0x0000000783c02288) 
thrown [s\open\src\hotspot\share\prims\jni.cpp, line 516]

VM Operations (20 events):
Event: 20318.997 Executing VM operation: ICBufferFull done
Event: 20319.108 Executing VM operation: HandshakeAllThreads
Event: 20319.109 Executing VM operation: HandshakeAllThreads done
Event: 20319.184 Executing VM operation: HandshakeAllThreads
Event: 20319.185 Executing VM operation: HandshakeAllThreads done
Event: 20319.359 Executing VM operation: ICBufferFull
Event: 20319.359 Executing VM operation: ICBufferFull done
Event: 20319.764 Executing VM operation: ICBufferFull
Event: 20319.765 Executing VM operation: ICBufferFull done
Event: 20319.982 Executing VM operation: HandshakeAllThreads
Event: 20319.985 Executing VM operation: HandshakeAllThreads done
Event: 20320.307 Executing VM operation: ICBufferFull
Event: 20320.307 Executing VM operation: ICBufferFull done
Event: 20320.455 Executing VM operation: ICBufferFull
Event: 20320.455 Executing VM operation: ICBufferFull done
Event: 20320.999 Executing VM operation: HandshakeAllThreads
Event: 20321.002 Executing VM operation: HandshakeAllThreads done
Event: 20321.022 Executing VM operation: ICBufferFull
Event: 20321.022 Executing VM operation: ICBufferFull done
Event: 20321.065 Executing VM operation: G1TryInitiateConcMark

Events (20 events):
Event: 20318.829 Thread 0x000002a1723dca10 Thread exited: 0x000002a1723dca10
Event: 20318.829 Thread 0x000002a1715d5b80 Thread exited: 0x000002a1715d5b80
Event: 20319.044 Thread 0x000002a1715d3300 Thread added: 0x000002a1715d3300
Event: 20319.045 Thread 0x000002a1715d3300 Thread exited: 0x000002a1715d3300
Event: 20319.068 Thread 0x000002a18199de00 Thread added: 0x000002a18199de00
Event: 20319.069 Thread 0x000002a18199de00 Thread exited: 0x000002a18199de00
Event: 20319.305 Thread 0x000002a1715d4230 Thread added: 0x000002a1715d4230
Event: 20319.307 Thread 0x000002a1715d4230 Thread exited: 0x000002a1715d4230
Event: 20319.534 Thread 0x000002a1715d4230 Thread added: 0x000002a1715d4230
Event: 20319.536 Thread 0x000002a1715d4230 Thread exited: 0x000002a1715d4230
Event: 20319.755 Thread 0x000002a163b819d0 Thread exited: 0x000002a163b819d0
Event: 20320.417 Thread 0x000002a129e8cb10 flushing nmethod 0x000002a118186090
Event: 20320.446 Thread 0x000002a129e8cb10 flushing nmethod 0x000002a10de16b10
Event: 20320.446 Thread 0x000002a129e8cb10 flushing nmethod 0x000002a10de16f10
Event: 20320.446 Thread 0x000002a129e8cb10 flushing nmethod 0x000002a10de17290
Event: 20320.893 Thread 0x000002a129e8cb10 flushing nmethod 0x000002a10f58b910
Event: 20320.933 Thread 0x000002a129e8cb10 flushing nmethod 0x000002a10f97d010
Event: 20320.940 Thread 0x000002a129e8cb10 flushing nmethod 0x000002a10fa46790
Event: 20321.021 Thread 0x000002a129e8cb10 flushing nmethod 0x000002a10fdfd090
Event: 20321.032 Thread 0x000002a129e8cb10 flushing nmethod 0x000002a10ff05a90


Dynamic libraries:
0x00007ff706bb0000 - 0x00007ff706bc0000 	C:\Program Files\Java\jdk-17\bin\java.exe
0x00007ff84bde0000 - 0x00007ff84c046000 	C:\WINDOWS\SYSTEM32\ntdll.dll
0x00007ff84b3b0000 - 0x00007ff84b479000 	C:\WINDOWS\System32\KERNEL32.DLL
0x00007ff8492d0000 - 0x00007ff8496cf000 	C:\WINDOWS\System32\KERNELBASE.dll
0x00007ff848ff0000 - 0x00007ff84913c000 	C:\WINDOWS\System32\ucrtbase.dll
0x00007ff83f810000 - 0x00007ff83f82b000 	C:\Program Files\Java\jdk-17\bin\VCRUNTIME140.dll
0x00007ff83f7f0000 - 0x00007ff83f809000 	C:\Program Files\Java\jdk-17\bin\jli.dll
0x00007ff84bcd0000 - 0x00007ff84bd8c000 	C:\WINDOWS\System32\ADVAPI32.dll
0x00007ff849e10000 - 0x00007ff849eb9000 	C:\WINDOWS\System32\msvcrt.dll
0x00007ff84a8b0000 - 0x00007ff84a95a000 	C:\WINDOWS\System32\sechost.dll
0x00007ff84b960000 - 0x00007ff84ba78000 	C:\WINDOWS\System32\RPCRT4.dll
0x00007ff84a6e0000 - 0x00007ff84a8a6000 	C:\WINDOWS\System32\USER32.dll
0x00007ff8496e0000 - 0x00007ff849707000 	C:\WINDOWS\System32\win32u.dll
0x00007ff84b490000 - 0x00007ff84b4bb000 	C:\WINDOWS\System32\GDI32.dll
0x00007ff8499e0000 - 0x00007ff849b09000 	C:\WINDOWS\System32\gdi32full.dll
0x00007ff849710000 - 0x00007ff8497b3000 	C:\WINDOWS\System32\msvcp_win.dll
0x00007ff824920000 - 0x00007ff824bb1000 	C:\WINDOWS\WinSxS\amd64_microsoft.windows.common-controls_6595b64144ccf1df_6.0.26100.8972_none_3e0da176e32f9d4b\COMCTL32.dll
0x00007ff841370000 - 0x00007ff84137b000 	C:\WINDOWS\SYSTEM32\VERSION.dll
0x00007ff84a960000 - 0x00007ff84a992000 	C:\WINDOWS\System32\IMM32.DLL
0x00007ff83f7e0000 - 0x00007ff83f7ec000 	C:\Program Files\Java\jdk-17\bin\vcruntime140_1.dll
0x00007ff83f750000 - 0x00007ff83f7de000 	C:\Program Files\Java\jdk-17\bin\msvcp140.dll
0x00007fffa7f70000 - 0x00007fffa8b50000 	C:\Program Files\Java\jdk-17\bin\server\jvm.dll
0x00007ff849ec0000 - 0x00007ff849ec8000 	C:\WINDOWS\System32\PSAPI.DLL
0x00007ff83f740000 - 0x00007ff83f74a000 	C:\WINDOWS\SYSTEM32\WSOCK32.dll
0x00007ff83a590000 - 0x00007ff83a5c6000 	C:\WINDOWS\SYSTEM32\WINMM.dll
0x00007ff84a0b0000 - 0x00007ff84a132000 	C:\WINDOWS\System32\WS2_32.dll
0x00007ff847cc0000 - 0x00007ff847cdb000 	C:\WINDOWS\SYSTEM32\kernel.appcore.dll
0x00007ff83f730000 - 0x00007ff83f73a000 	C:\Program Files\Java\jdk-17\bin\jimage.dll
0x00007ff8465d0000 - 0x00007ff846812000 	C:\WINDOWS\SYSTEM32\DBGHELP.DLL
0x00007ff84b5d0000 - 0x00007ff84b955000 	C:\WINDOWS\System32\combase.dll
0x00007ff84b2d0000 - 0x00007ff84b3a9000 	C:\WINDOWS\System32\OLEAUT32.dll
0x00007ff81bf40000 - 0x00007ff81bf7b000 	C:\WINDOWS\SYSTEM32\dbgcore.DLL
0x00007ff849150000 - 0x00007ff8491fc000 	C:\WINDOWS\System32\bcryptPrimitives.dll
0x00007ff8213a0000 - 0x00007ff8213ae000 	C:\Program Files\Java\jdk-17\bin\instrument.dll
0x00007ff819a40000 - 0x00007ff819a65000 	C:\Program Files\Java\jdk-17\bin\java.dll
0x00007fffda020000 - 0x00007fffda0f7000 	C:\Program Files\Java\jdk-17\bin\jsvml.dll
0x00007ff84a9a0000 - 0x00007ff84b128000 	C:\WINDOWS\System32\SHELL32.dll
0x00007ff846a80000 - 0x00007ff84731b000 	C:\WINDOWS\SYSTEM32\windows.storage.dll
0x00007ff849fb0000 - 0x00007ff84a0a9000 	C:\WINDOWS\System32\SHCORE.dll
0x00007ff849c80000 - 0x00007ff849ce6000 	C:\WINDOWS\System32\shlwapi.dll
0x00007ff848f10000 - 0x00007ff848f39000 	C:\WINDOWS\SYSTEM32\profapi.dll
0x00007ff8396b0000 - 0x00007ff8396c8000 	C:\Program Files\Java\jdk-17\bin\zip.dll
0x00007ff83f710000 - 0x00007ff83f729000 	C:\Program Files\Java\jdk-17\bin\net.dll
0x00007ff83fd40000 - 0x00007ff83fe68000 	C:\WINDOWS\SYSTEM32\WINHTTP.dll
0x00007ff848290000 - 0x00007ff8482fc000 	C:\WINDOWS\system32\mswsock.dll
0x00007ff83f6d0000 - 0x00007ff83f6e6000 	C:\Program Files\Java\jdk-17\bin\nio.dll
0x00007ff8233f0000 - 0x00007ff823400000 	C:\Program Files\Java\jdk-17\bin\verify.dll
0x00007ff819a10000 - 0x00007ff819a37000 	C:\Users\sahil\.gradle\native\1def1411415f61bf3af743bc5b6707747c0891f09f0c88961ee8f79bc544acac\windows-amd64\native-platform.dll
0x00000000710b0000 - 0x0000000071123000 	C:\Users\sahil\.gradle\native\0.2.5\x86_64-windows-gnu\gradle-fileevents.dll
0x00007ff8233e0000 - 0x00007ff8233ea000 	C:\Program Files\Java\jdk-17\bin\management.dll
0x00007ff821a90000 - 0x00007ff821a9b000 	C:\Program Files\Java\jdk-17\bin\management_ext.dll
0x00007ff848580000 - 0x00007ff84859b000 	C:\WINDOWS\SYSTEM32\CRYPTSP.dll
0x00007ff847c20000 - 0x00007ff847c59000 	C:\WINDOWS\system32\rsaenh.dll
0x00007ff848340000 - 0x00007ff848372000 	C:\WINDOWS\SYSTEM32\USERENV.dll
0x00007ff848ee0000 - 0x00007ff848f0a000 	C:\WINDOWS\SYSTEM32\bcrypt.dll
0x00007ff8485a0000 - 0x00007ff8485ac000 	C:\WINDOWS\SYSTEM32\CRYPTBASE.dll
0x00007ff847660000 - 0x00007ff847693000 	C:\WINDOWS\SYSTEM32\IPHLPAPI.DLL
0x00007ff84a5d0000 - 0x00007ff84a5da000 	C:\WINDOWS\System32\NSI.dll
0x00007ff83fcf0000 - 0x00007ff83fd0d000 	C:\WINDOWS\SYSTEM32\dhcpcsvc6.DLL
0x00007ff83fa40000 - 0x00007ff83fa65000 	C:\WINDOWS\SYSTEM32\dhcpcsvc.DLL
0x00007ff8476f0000 - 0x00007ff847848000 	C:\WINDOWS\SYSTEM32\DNSAPI.dll
0x00007ff848090000 - 0x00007ff84809d000 	C:\WINDOWS\SYSTEM32\DSPARSE.dll
0x00007ff81a790000 - 0x00007ff81a79e000 	C:\Program Files\Java\jdk-17\bin\sunmscapi.dll
0x00007ff8497c0000 - 0x00007ff84993e000 	C:\WINDOWS\System32\CRYPT32.dll
0x00007ff8487c0000 - 0x00007ff8487f0000 	C:\WINDOWS\SYSTEM32\ncrypt.dll
0x00007ff848770000 - 0x00007ff8487af000 	C:\WINDOWS\SYSTEM32\NTASN1.dll
0x00007ff81a780000 - 0x00007ff81a788000 	C:\WINDOWS\system32\wshunix.dll
0x0000000071030000 - 0x00000000710a3000 	C:\Users\sahil\AppData\Local\Temp\native-platform7811547353446852200dir\gradle-fileevents.dll
0x00007ff81a1f0000 - 0x00007ff81a208000 	C:\WINDOWS\system32\napinsp.dll
0x00007ff819fb0000 - 0x00007ff819fc3000 	C:\WINDOWS\System32\winrnr.dll
0x00007ff819ea0000 - 0x00007ff819ec2000 	C:\WINDOWS\system32\nlansp_c.dll
0x00007ff840f80000 - 0x00007ff840f96000 	C:\WINDOWS\system32\wshbth.dll
0x00007ff839eb0000 - 0x00007ff839ebb000 	C:\Windows\System32\rasadhlp.dll
0x00007ff83ef70000 - 0x00007ff83eff6000 	C:\WINDOWS\System32\fwpuclnt.dll
0x00007ff847e10000 - 0x00007ff847e46000 	C:\WINDOWS\SYSTEM32\ntmarta.dll
0x00007ff83f3c0000 - 0x00007ff83f3c7000 	C:\Program Files\Java\jdk-17\bin\rmi.dll
0x00007ff845860000 - 0x00007ff8458ff000 	C:\WINDOWS\system32\apphelp.dll

dbghelp: loaded successfully - version: 4.0.5 - missing functions: none
symbol engine: initialized successfully - sym options: 0x614 - pdb path: .;C:\Program Files\Java\jdk-17\bin;C:\WINDOWS\SYSTEM32;C:\WINDOWS\WinSxS\amd64_microsoft.windows.common-controls_6595b64144ccf1df_6.0.26100.8972_none_3e0da176e32f9d4b;C:\Program Files\Java\jdk-17\bin\server;C:\Users\sahil\.gradle\native\1def1411415f61bf3af743bc5b6707747c0891f09f0c88961ee8f79bc544acac\windows-amd64;C:\Users\sahil\.gradle\native\0.2.5\x86_64-windows-gnu;C:\Users\sahil\AppData\Local\Temp\native-platform7811547353446852200dir

VM Arguments:
jvm_args: --add-opens=java.base/java.lang=ALL-UNNAMED --add-opens=java.base/java.lang.invoke=ALL-UNNAMED --add-opens=java.base/java.util=ALL-UNNAMED --add-opens=java.prefs/java.util.prefs=ALL-UNNAMED --add-exports=jdk.compiler/com.sun.tools.javac.api=ALL-UNNAMED --add-exports=jdk.compiler/com.sun.tools.javac.util=ALL-UNNAMED --add-opens=java.base/java.util=ALL-UNNAMED --add-opens=java.prefs/java.util.prefs=ALL-UNNAMED --add-opens=java.base/java.nio.charset=ALL-UNNAMED --add-opens=java.base/java.net=ALL-UNNAMED --add-opens=java.base/java.util.concurrent.atomic=ALL-UNNAMED --add-opens=java.xml/javax.xml.namespace=ALL-UNNAMED -XX:MaxMetaspaceSize=1024m -Xmx4096m -Dfile.encoding=windows-1252 -Duser.country=US -Duser.language=en -Duser.variant -javaagent:C:\Users\sahil\.gradle\wrapper\dists\gradle-8.12-bin\cetblhg4pflnnks72fxwobvgv\gradle-8.12\lib\agents\gradle-instrumentation-agent-8.12.jar 
java_command: org.gradle.launcher.daemon.bootstrap.GradleDaemon 8.12
java_class_path (initial): C:\Users\sahil\.gradle\wrapper\dists\gradle-8.12-bin\cetblhg4pflnnks72fxwobvgv\gradle-8.12\lib\gradle-daemon-main-8.12.jar
Launcher Type: SUN_STANDARD

[Global flags]
     intx CICompilerCount                          = 4                                         {product} {ergonomic}
   size_t CompressedClassSpaceSize                 = 872415232                                 {product} {ergonomic}
     uint ConcGCThreads                            = 3                                         {product} {ergonomic}
     uint G1ConcRefinementThreads                  = 10                                        {product} {ergonomic}
   size_t G1HeapRegionSize                         = 2097152                                   {product} {ergonomic}
    uintx GCDrainStackTargetSize                   = 64                                        {product} {ergonomic}
   size_t InitialHeapSize                          = 130023424                                 {product} {ergonomic}
   size_t MarkStackSize                            = 4194304                                   {product} {ergonomic}
   size_t MaxHeapSize                              = 4294967296                                {product} {command line}
   size_t MaxMetaspaceSize                         = 1073741824                                {product} {command line}
   size_t MaxNewSize                               = 2575302656                                {product} {ergonomic}
   size_t MinHeapDeltaBytes                        = 2097152                                   {product} {ergonomic}
   size_t MinHeapSize                              = 8388608                                   {product} {ergonomic}
    uintx NonNMethodCodeHeapSize                   = 5839372                                {pd product} {ergonomic}
    uintx NonProfiledCodeHeapSize                  = 122909434                              {pd product} {ergonomic}
    uintx ProfiledCodeHeapSize                     = 122909434                              {pd product} {ergonomic}
    uintx ReservedCodeCacheSize                    = 251658240                              {pd product} {ergonomic}
     bool SegmentedCodeCache                       = true                                      {product} {ergonomic}
   size_t SoftMaxHeapSize                          = 4294967296                             {manageable} {ergonomic}
     bool UseCompressedClassPointers               = true                           {product lp64_product} {ergonomic}
     bool UseCompressedOops                        = true                           {product lp64_product} {ergonomic}
     bool UseG1GC                                  = true                                      {product} {ergonomic}
     bool UseLargePagesIndividualAllocation        = false                                  {pd product} {ergonomic}

Logging:
Log output configuration:
 #0: stdout all=warning uptime,level,tags
 #1: stderr all=off uptime,level,tags

Environment Variables:
JAVA_HOME=C:\Program Files\Java\jdk-17
CLASSPATH=D:\predcaredoctor\android\\gradle\wrapper\gradle-wrapper.jar
PATH=D:\predcaredoctor\node_modules\.bin;D:\node_modules\.bin;C:\Program Files\nodejs\node_modules\npm\node_modules\@npmcli\run-script\lib\node-gyp-bin;C:\Program Files\Common Files\Oracle\Java\javapath;C:\WINDOWS\system32;C:\WINDOWS;C:\WINDOWS\System32\Wbem;C:\WINDOWS\System32\WindowsPowerShell\v1.0\;C:\WINDOWS\System32\OpenSSH\;C:\Program Files\nodejs\;C:\Program Files\Git\cmd;C:\Program Files\Java\jdk-17\bin;C:\Program Files\MySQL\MySQL Server 8.0\bin;C:\Program Files\MySQL\MySQL Shell 8.0\bin\;C:\Users\sahil\AppData\Local\Microsoft\WindowsApps;C:\Users\sahil\AppData\Roaming\npm;C:\Users\sahil\AppData\Local\Programs\Microsoft VS Code\bin;C:\Users\sahil\AppData\Local\Programs\Antigravity IDE\bin;C:\Users\sahil\AppData\Local\Android\Sdk\platform-tools;C:\Users\sahil\AppData\Local\Android\Sdk\emulator;C:\Program Files\Java\jdk-17\bin;
USERNAME=sahil
OS=Windows_NT
PROCESSOR_IDENTIFIER=Intel64 Family 6 Model 141 Stepping 1, GenuineIntel



---------------  S Y S T E M  ---------------

OS:
 Windows 11 , 64 bit Build 26100 (10.0.26100.9168)
OS uptime: 0 days 5:44 hours
Hyper-V role detected

CPU: total 12 (initial active 12) (6 cores per cpu, 2 threads per core) family 6 model 141 stepping 1 microcode 0x56, cx8, cmov, fxsr, ht, mmx, 3dnowpref, sse, sse2, sse3, ssse3, sse4.1, sse4.2, popcnt, lzcnt, tsc, tscinvbit, avx, avx2, aes, erms, clmul, bmi1, bmi2, adx, avx512f, avx512dq, avx512cd, avx512bw, avx512vl, sha, fma, vzeroupper, avx512_vpopcntdq, avx512_vpclmulqdq, avx512_vaes, avx512_vnni, clflush, clflushopt, clwb, avx512_vbmi2, avx512_vbmi, hv

Memory: 4k page, system-wide physical 7829M (1M free)
TotalPageFile size 31381M (AvailPageFile size 160M)
current process WorkingSet (physical memory assigned to process): 52M, peak: 1455M
current process commit charge ("private bytes"): 3276M, peak: 3520M

vm_info: Java HotSpot(TM) 64-Bit Server VM (17.0.12+8-LTS-286) for windows-amd64 JRE (17.0.12+8-LTS-286), built on Jun  5 2024 06:46:59 by "mach5one" with MS VC++ 17.6 (VS2022)

END.
